bit_position,dimension,threshold,error_count,total,BER
0,0,0,154,881,0.17480136208853575
1,0,1,226,881,0.2565266742338252
2,0,2,206,881,0.23382519863791146
3,1,0,197,881,0.22360953461975028
4,1,1,253,881,0.28717366628830876
5,1,2,166,881,0.188422247446084
6,2,0,185,881,0.20998864926220204
7,2,1,225,881,0.25539160045402953
8,2,2,170,881,0.19296254256526674
9,3,0,182,881,0.20658342792281498
10,3,1,231,881,0.26220204313280365
11,3,2,170,881,0.19296254256526674
12,4,0,170,881,0.19296254256526674
13,4,1,260,881,0.29511918274687854
14,4,2,170,881,0.19296254256526674
15,5,0,163,881,0.18501702610669693
16,5,1,249,881,0.282633371169126
17,5,2,188,881,0.2133938706015891
18,6,0,170,881,0.19296254256526674
19,6,1,232,881,0.2633371169125993
20,6,2,188,881,0.2133938706015891
21,7,0,198,881,0.22474460839954596
22,7,1,222,881,0.25198637911464244
23,7,2,176,881,0.19977298524404086
24,8,0,178,881,0.20204313280363223
25,8,1,216,881,0.24517593643586832
26,8,2,169,881,0.19182746878547105
27,9,0,179,881,0.20317820658342792
28,9,1,229,881,0.2599318955732123
29,9,2,176,881,0.19977298524404086
30,10,0,160,881,0.18161180476730987
31,10,1,235,881,0.2667423382519864
32,10,2,186,881,0.21112372304199772
33,11,0,210,881,0.2383654937570942
34,11,1,228,881,0.25879682179341656
35,11,2,153,881,0.17366628830874006
36,12,0,158,881,0.1793416572077185
37,12,1,227,881,0.2576617480136209
38,12,2,195,881,0.2213393870601589
39,13,0,166,881,0.188422247446084
40,13,1,204,881,0.23155505107832008
41,13,2,193,881,0.21906923950056753
42,14,0,172,881,0.1952326901248581
43,14,1,215,881,0.24404086265607264
44,14,2,192,881,0.21793416572077184
45,15,0,170,881,0.19296254256526674
46,15,1,219,881,0.24858115777525538
47,15,2,192,881,0.21793416572077184
48,16,0,166,881,0.188422247446084
49,16,1,238,881,0.27014755959137343
50,16,2,178,881,0.20204313280363223
51,17,0,190,881,0.21566401816118047
52,17,1,234,881,0.2656072644721907
53,17,2,181,881,0.2054483541430193
54,18,0,183,881,0.20771850170261066
55,18,1,221,881,0.2508513053348468
56,18,2,183,881,0.20771850170261066
57,19,0,171,881,0.19409761634506242
58,19,1,220,881,0.24971623155505107
59,19,2,167,881,0.18955732122587968
60,20,0,153,881,0.17366628830874006
61,20,1,204,881,0.23155505107832008
62,20,2,191,881,0.21679909194097616
63,21,0,181,881,0.2054483541430193
64,21,1,231,881,0.26220204313280365
65,21,2,169,881,0.19182746878547105
66,22,0,185,881,0.20998864926220204
67,22,1,230,881,0.26106696935300794
68,22,2,168,881,0.19069239500567536
69,23,0,150,881,0.170261066969353
70,23,1,239,881,0.27128263337116915
71,23,2,193,881,0.21906923950056753
72,24,0,179,881,0.20317820658342792
73,24,1,217,881,0.246311010215664
74,24,2,193,881,0.21906923950056753
75,25,0,173,881,0.1963677639046538
76,25,1,229,881,0.2599318955732123
77,25,2,149,881,0.16912599318955732
78,26,0,165,881,0.1872871736662883
79,26,1,231,881,0.26220204313280365
80,26,2,175,881,0.19863791146424517
81,27,0,181,881,0.2054483541430193
82,27,1,225,881,0.25539160045402953
83,27,2,175,881,0.19863791146424517
84,28,0,163,881,0.18501702610669693
85,28,1,217,881,0.246311010215664
86,28,2,164,881,0.18615209988649262
87,29,0,170,881,0.19296254256526674
88,29,1,215,881,0.24404086265607264
89,29,2,181,881,0.2054483541430193
90,30,0,186,881,0.21112372304199772
91,30,1,221,881,0.2508513053348468
92,30,2,156,881,0.17707150964812712
93,31,0,156,881,0.17707150964812712
94,31,1,225,881,0.25539160045402953
95,31,2,175,881,0.19863791146424517
96,32,0,163,881,0.18501702610669693
97,32,1,229,881,0.2599318955732123
98,32,2,208,881,0.23609534619750283
99,33,0,170,881,0.19296254256526674
100,33,1,209,881,0.23723041997729852
101,33,2,183,881,0.20771850170261066
102,34,0,190,881,0.21566401816118047
103,34,1,228,881,0.25879682179341656
104,34,2,182,881,0.20658342792281498
105,35,0,221,881,0.2508513053348468
106,35,1,226,881,0.2565266742338252
107,35,2,169,881,0.19182746878547105
108,36,0,193,881,0.21906923950056753
109,36,1,243,881,0.2758229284903519
110,36,2,169,881,0.19182746878547105
111,37,0,178,881,0.20204313280363223
112,37,1,213,881,0.24177071509648126
113,37,2,177,881,0.20090805902383654
114,38,0,174,881,0.19750283768444948
115,38,1,220,881,0.24971623155505107
116,38,2,180,881,0.2043132803632236
117,39,0,155,881,0.17593643586833144
118,39,1,237,881,0.2690124858115778
119,39,2,167,881,0.18955732122587968
120,40,0,184,881,0.20885357548240635
121,40,1,214,881,0.24290578887627695
122,40,2,168,881,0.19069239500567536
123,41,0,177,881,0.20090805902383654
124,41,1,233,881,0.264472190692395
125,41,2,189,881,0.21452894438138478
126,42,0,188,881,0.2133938706015891
127,42,1,259,881,0.2939841089670829
128,42,2,185,881,0.20998864926220204
129,43,0,173,881,0.1963677639046538
130,43,1,246,881,0.2792281498297389
131,43,2,174,881,0.19750283768444948
132,44,0,178,881,0.20204313280363223
133,44,1,218,881,0.2474460839954597
134,44,2,172,881,0.1952326901248581
135,45,0,174,881,0.19750283768444948
136,45,1,228,881,0.25879682179341656
137,45,2,192,881,0.21793416572077184
138,46,0,182,881,0.20658342792281498
139,46,1,217,881,0.246311010215664
140,46,2,174,881,0.19750283768444948
141,47,0,169,881,0.19182746878547105
142,47,1,233,881,0.264472190692395
143,47,2,162,881,0.18388195232690124
144,48,0,168,881,0.19069239500567536
145,48,1,217,881,0.246311010215664
146,48,2,173,881,0.1963677639046538
147,49,0,156,881,0.17707150964812712
148,49,1,225,881,0.25539160045402953
149,49,2,183,881,0.20771850170261066
150,50,0,167,881,0.18955732122587968
151,50,1,239,881,0.27128263337116915
152,50,2,185,881,0.20998864926220204
153,51,0,192,881,0.21793416572077184
154,51,1,249,881,0.282633371169126
155,51,2,194,881,0.22020431328036322
156,52,0,185,881,0.20998864926220204
157,52,1,258,881,0.29284903518728717
158,52,2,150,881,0.170261066969353
159,53,0,196,881,0.2224744608399546
160,53,1,236,881,0.26787741203178206
161,53,2,185,881,0.20998864926220204
162,54,0,181,881,0.2054483541430193
163,54,1,227,881,0.2576617480136209
164,54,2,179,881,0.20317820658342792
165,55,0,127,881,0.1441543700340522
166,55,1,215,881,0.24404086265607264
167,55,2,182,881,0.20658342792281498
168,56,0,166,881,0.188422247446084
169,56,1,231,881,0.26220204313280365
170,56,2,188,881,0.2133938706015891
171,57,0,186,881,0.21112372304199772
172,57,1,239,881,0.27128263337116915
173,57,2,181,881,0.2054483541430193
174,58,0,164,881,0.18615209988649262
175,58,1,213,881,0.24177071509648126
176,58,2,175,881,0.19863791146424517
177,59,0,178,881,0.20204313280363223
178,59,1,200,881,0.22701475595913734
179,59,2,146,881,0.16572077185017026
180,60,0,179,881,0.20317820658342792
181,60,1,232,881,0.2633371169125993
182,60,2,183,881,0.20771850170261066
183,61,0,172,881,0.1952326901248581
184,61,1,228,881,0.25879682179341656
185,61,2,181,881,0.2054483541430193
186,62,0,187,881,0.2122587968217934
187,62,1,233,881,0.264472190692395
188,62,2,164,881,0.18615209988649262
189,63,0,159,881,0.18047673098751418
190,63,1,249,881,0.282633371169126
191,63,2,190,881,0.21566401816118047
192,64,0,173,881,0.1963677639046538
193,64,1,245,881,0.27809307604994327
194,64,2,201,881,0.22814982973893302
195,65,0,179,881,0.20317820658342792
196,65,1,225,881,0.25539160045402953
197,65,2,173,881,0.1963677639046538
198,66,0,168,881,0.19069239500567536
199,66,1,222,881,0.25198637911464244
200,66,2,187,881,0.2122587968217934
201,67,0,185,881,0.20998864926220204
202,67,1,236,881,0.26787741203178206
203,67,2,188,881,0.2133938706015891
204,68,0,188,881,0.2133938706015891
205,68,1,240,881,0.2724177071509648
206,68,2,156,881,0.17707150964812712
207,69,0,178,881,0.20204313280363223
208,69,1,240,881,0.2724177071509648
209,69,2,168,881,0.19069239500567536
210,70,0,164,881,0.18615209988649262
211,70,1,236,881,0.26787741203178206
212,70,2,162,881,0.18388195232690124
213,71,0,184,881,0.20885357548240635
214,71,1,256,881,0.2905788876276958
215,71,2,170,881,0.19296254256526674
216,72,0,157,881,0.1782065834279228
217,72,1,230,881,0.26106696935300794
218,72,2,199,881,0.22587968217934165
219,73,0,166,881,0.188422247446084
220,73,1,224,881,0.2542565266742338
221,73,2,164,881,0.18615209988649262
222,74,0,170,881,0.19296254256526674
223,74,1,269,881,0.30533484676503975
224,74,2,187,881,0.2122587968217934
225,75,0,179,881,0.20317820658342792
226,75,1,232,881,0.2633371169125993
227,75,2,168,881,0.19069239500567536
228,76,0,176,881,0.19977298524404086
229,76,1,220,881,0.24971623155505107
230,76,2,161,881,0.18274687854710556
231,77,0,180,881,0.2043132803632236
232,77,1,239,881,0.27128263337116915
233,77,2,176,881,0.19977298524404086
234,78,0,179,881,0.20317820658342792
235,78,1,263,881,0.2985244040862656
236,78,2,171,881,0.19409761634506242
237,79,0,174,881,0.19750283768444948
238,79,1,219,881,0.24858115777525538
239,79,2,184,881,0.20885357548240635
240,80,0,184,881,0.20885357548240635
241,80,1,233,881,0.264472190692395
242,80,2,178,881,0.20204313280363223
243,81,0,200,881,0.22701475595913734
244,81,1,241,881,0.2735527809307605
245,81,2,174,881,0.19750283768444948
246,82,0,181,881,0.2054483541430193
247,82,1,237,881,0.2690124858115778
248,82,2,165,881,0.1872871736662883
249,83,0,129,881,0.14642451759364358
250,83,1,253,881,0.28717366628830876
251,83,2,224,881,0.2542565266742338
252,84,0,172,881,0.1952326901248581
253,84,1,217,881,0.246311010215664
254,84,2,183,881,0.20771850170261066
255,85,0,171,881,0.19409761634506242
256,85,1,218,881,0.2474460839954597
257,85,2,194,881,0.22020431328036322
258,86,0,185,881,0.20998864926220204
259,86,1,217,881,0.246311010215664
260,86,2,158,881,0.1793416572077185
261,87,0,184,881,0.20885357548240635
262,87,1,227,881,0.2576617480136209
263,87,2,182,881,0.20658342792281498
264,88,0,189,881,0.21452894438138478
265,88,1,246,881,0.2792281498297389
266,88,2,157,881,0.1782065834279228
267,89,0,187,881,0.2122587968217934
268,89,1,234,881,0.2656072644721907
269,89,2,162,881,0.18388195232690124
270,90,0,180,881,0.2043132803632236
271,90,1,244,881,0.27695800227014755
272,90,2,185,881,0.20998864926220204
273,91,0,183,881,0.20771850170261066
274,91,1,241,881,0.2735527809307605
275,91,2,181,881,0.2054483541430193
276,92,0,205,881,0.23269012485811577
277,92,1,242,881,0.2746878547105562
278,92,2,168,881,0.19069239500567536
279,93,0,194,881,0.22020431328036322
280,93,1,248,881,0.2814982973893303
281,93,2,181,881,0.2054483541430193
282,94,0,185,881,0.20998864926220204
283,94,1,223,881,0.25312145289443816
284,94,2,151,881,0.1713961407491487
285,95,0,190,881,0.21566401816118047
286,95,1,232,881,0.2633371169125993
287,95,2,179,881,0.20317820658342792
288,96,0,167,881,0.18955732122587968
289,96,1,238,881,0.27014755959137343
290,96,2,194,881,0.22020431328036322
291,97,0,181,881,0.2054483541430193
292,97,1,229,881,0.2599318955732123
293,97,2,177,881,0.20090805902383654
294,98,0,194,881,0.22020431328036322
295,98,1,230,881,0.26106696935300794
296,98,2,184,881,0.20885357548240635
297,99,0,210,881,0.2383654937570942
298,99,1,269,881,0.30533484676503975
299,99,2,180,881,0.2043132803632236
300,100,0,179,881,0.20317820658342792
301,100,1,219,881,0.24858115777525538
302,100,2,174,881,0.19750283768444948
303,101,0,203,881,0.2304199772985244
304,101,1,206,881,0.23382519863791146
305,101,2,148,881,0.16799091940976163
306,102,0,160,881,0.18161180476730987
307,102,1,219,881,0.24858115777525538
308,102,2,197,881,0.22360953461975028
309,103,0,214,881,0.24290578887627695
310,103,1,230,881,0.26106696935300794
311,103,2,170,881,0.19296254256526674
312,104,0,190,881,0.21566401816118047
313,104,1,242,881,0.2746878547105562
314,104,2,176,881,0.19977298524404086
315,105,0,186,881,0.21112372304199772
316,105,1,234,881,0.2656072644721907
317,105,2,185,881,0.20998864926220204
318,106,0,182,881,0.20658342792281498
319,106,1,227,881,0.2576617480136209
320,106,2,164,881,0.18615209988649262
321,107,0,195,881,0.2213393870601589
322,107,1,205,881,0.23269012485811577
323,107,2,182,881,0.20658342792281498
324,108,0,205,881,0.23269012485811577
325,108,1,207,881,0.23496027241770714
326,108,2,165,881,0.1872871736662883
327,109,0,165,881,0.1872871736662883
328,109,1,229,881,0.2599318955732123
329,109,2,203,881,0.2304199772985244
330,110,0,179,881,0.20317820658342792
331,110,1,212,881,0.24063564131668558
332,110,2,185,881,0.20998864926220204
333,111,0,164,881,0.18615209988649262
334,111,1,229,881,0.2599318955732123
335,111,2,188,881,0.2133938706015891
336,112,0,195,881,0.2213393870601589
337,112,1,239,881,0.27128263337116915
338,112,2,168,881,0.19069239500567536
339,113,0,158,881,0.1793416572077185
340,113,1,216,881,0.24517593643586832
341,113,2,167,881,0.18955732122587968
342,114,0,191,881,0.21679909194097616
343,114,1,221,881,0.2508513053348468
344,114,2,169,881,0.19182746878547105
345,115,0,151,881,0.1713961407491487
346,115,1,237,881,0.2690124858115778
347,115,2,174,881,0.19750283768444948
348,116,0,163,881,0.18501702610669693
349,116,1,221,881,0.2508513053348468
350,116,2,186,881,0.21112372304199772
351,117,0,178,881,0.20204313280363223
352,117,1,232,881,0.2633371169125993
353,117,2,169,881,0.19182746878547105
354,118,0,152,881,0.17253121452894438
355,118,1,245,881,0.27809307604994327
356,118,2,198,881,0.22474460839954596
357,119,0,165,881,0.1872871736662883
358,119,1,214,881,0.24290578887627695
359,119,2,176,881,0.19977298524404086
360,120,0,165,881,0.1872871736662883
361,120,1,214,881,0.24290578887627695
362,120,2,191,881,0.21679909194097616
363,121,0,174,881,0.19750283768444948
364,121,1,234,881,0.2656072644721907
365,121,2,150,881,0.170261066969353
366,122,0,147,881,0.16685584562996594
367,122,1,244,881,0.27695800227014755
368,122,2,185,881,0.20998864926220204
369,123,0,182,881,0.20658342792281498
370,123,1,232,881,0.2633371169125993
371,123,2,174,881,0.19750283768444948
372,124,0,189,881,0.21452894438138478
373,124,1,223,881,0.25312145289443816
374,124,2,195,881,0.2213393870601589
375,125,0,196,881,0.2224744608399546
376,125,1,242,881,0.2746878547105562
377,125,2,154,881,0.17480136208853575
378,126,0,159,881,0.18047673098751418
379,126,1,209,881,0.23723041997729852
380,126,2,195,881,0.2213393870601589
381,127,0,177,881,0.20090805902383654
382,127,1,212,881,0.24063564131668558
383,127,2,200,881,0.22701475595913734
384,128,0,182,881,0.20658342792281498
385,128,1,233,881,0.264472190692395
386,128,2,167,881,0.18955732122587968
387,129,0,153,881,0.17366628830874006
388,129,1,229,881,0.2599318955732123
389,129,2,218,881,0.2474460839954597
390,130,0,167,881,0.18955732122587968
391,130,1,226,881,0.2565266742338252
392,130,2,187,881,0.2122587968217934
393,131,0,153,881,0.17366628830874006
394,131,1,228,881,0.25879682179341656
395,131,2,182,881,0.20658342792281498
396,132,0,178,881,0.20204313280363223
397,132,1,224,881,0.2542565266742338
398,132,2,196,881,0.2224744608399546
399,133,0,196,881,0.2224744608399546
400,133,1,243,881,0.2758229284903519
401,133,2,202,881,0.2292849035187287
402,134,0,159,881,0.18047673098751418
403,134,1,225,881,0.25539160045402953
404,134,2,159,881,0.18047673098751418
405,135,0,171,881,0.19409761634506242
406,135,1,206,881,0.23382519863791146
407,135,2,192,881,0.21793416572077184
408,136,0,180,881,0.2043132803632236
409,136,1,233,881,0.264472190692395
410,136,2,169,881,0.19182746878547105
411,137,0,178,881,0.20204313280363223
412,137,1,230,881,0.26106696935300794
413,137,2,200,881,0.22701475595913734
414,138,0,192,881,0.21793416572077184
415,138,1,228,881,0.25879682179341656
416,138,2,180,881,0.2043132803632236
417,139,0,213,881,0.24177071509648126
418,139,1,228,881,0.25879682179341656
419,139,2,165,881,0.1872871736662883
420,140,0,203,881,0.2304199772985244
421,140,1,243,881,0.2758229284903519
422,140,2,176,881,0.19977298524404086
423,141,0,184,881,0.20885357548240635
424,141,1,247,881,0.28036322360953464
425,141,2,157,881,0.1782065834279228
426,142,0,180,881,0.2043132803632236
427,142,1,220,881,0.24971623155505107
428,142,2,181,881,0.2054483541430193
429,143,0,206,881,0.23382519863791146
430,143,1,259,881,0.2939841089670829
431,143,2,191,881,0.21679909194097616
432,144,0,215,881,0.24404086265607264
433,144,1,222,881,0.25198637911464244
434,144,2,169,881,0.19182746878547105
435,145,0,179,881,0.20317820658342792
436,145,1,218,881,0.2474460839954597
437,145,2,202,881,0.2292849035187287
438,146,0,180,881,0.2043132803632236
439,146,1,235,881,0.2667423382519864
440,146,2,185,881,0.20998864926220204
441,147,0,191,881,0.21679909194097616
442,147,1,235,881,0.2667423382519864
443,147,2,187,881,0.2122587968217934
444,148,0,162,881,0.18388195232690124
445,148,1,230,881,0.26106696935300794
446,148,2,172,881,0.1952326901248581
447,149,0,219,881,0.24858115777525538
448,149,1,234,881,0.2656072644721907
449,149,2,164,881,0.18615209988649262
450,150,0,167,881,0.18955732122587968
451,150,1,236,881,0.26787741203178206
452,150,2,168,881,0.19069239500567536
453,151,0,171,881,0.19409761634506242
454,151,1,224,881,0.2542565266742338
455,151,2,165,881,0.1872871736662883
456,152,0,182,881,0.20658342792281498
457,152,1,235,881,0.2667423382519864
458,152,2,184,881,0.20885357548240635
459,153,0,164,881,0.18615209988649262
460,153,1,238,881,0.27014755959137343
461,153,2,175,881,0.19863791146424517
462,154,0,155,881,0.17593643586833144
463,154,1,236,881,0.26787741203178206
464,154,2,223,881,0.25312145289443816
465,155,0,178,881,0.20204313280363223
466,155,1,242,881,0.2746878547105562
467,155,2,168,881,0.19069239500567536
468,156,0,171,881,0.19409761634506242
469,156,1,262,881,0.2973893303064699
470,156,2,194,881,0.22020431328036322
471,157,0,188,881,0.2133938706015891
472,157,1,273,881,0.3098751418842225
473,157,2,165,881,0.1872871736662883
474,158,0,180,881,0.2043132803632236
475,158,1,233,881,0.264472190692395
476,158,2,202,881,0.2292849035187287
477,159,0,164,881,0.18615209988649262
478,159,1,203,881,0.2304199772985244
479,159,2,176,881,0.19977298524404086
480,160,0,138,881,0.15664018161180476
481,160,1,244,881,0.27695800227014755
482,160,2,205,881,0.23269012485811577
483,161,0,181,881,0.2054483541430193
484,161,1,227,881,0.2576617480136209
485,161,2,197,881,0.22360953461975028
486,162,0,153,881,0.17366628830874006
487,162,1,233,881,0.264472190692395
488,162,2,185,881,0.20998864926220204
489,163,0,159,881,0.18047673098751418
490,163,1,209,881,0.23723041997729852
491,163,2,173,881,0.1963677639046538
492,164,0,177,881,0.20090805902383654
493,164,1,209,881,0.23723041997729852
494,164,2,165,881,0.1872871736662883
495,165,0,166,881,0.188422247446084
496,165,1,244,881,0.27695800227014755
497,165,2,171,881,0.19409761634506242
498,166,0,166,881,0.188422247446084
499,166,1,236,881,0.26787741203178206
500,166,2,196,881,0.2224744608399546
501,167,0,179,881,0.20317820658342792
502,167,1,234,881,0.2656072644721907
503,167,2,155,881,0.17593643586833144
504,168,0,194,881,0.22020431328036322
505,168,1,231,881,0.26220204313280365
506,168,2,196,881,0.2224744608399546
507,169,0,211,881,0.2395005675368899
508,169,1,246,881,0.2792281498297389
509,169,2,197,881,0.22360953461975028
510,170,0,188,881,0.2133938706015891
511,170,1,208,881,0.23609534619750283
512,170,2,172,881,0.1952326901248581
513,171,0,189,881,0.21452894438138478
514,171,1,223,881,0.25312145289443816
515,171,2,185,881,0.20998864926220204
516,172,0,191,881,0.21679909194097616
517,172,1,240,881,0.2724177071509648
518,172,2,172,881,0.1952326901248581
519,173,0,165,881,0.1872871736662883
520,173,1,251,881,0.2849035187287174
521,173,2,171,881,0.19409761634506242
522,174,0,184,881,0.20885357548240635
523,174,1,229,881,0.2599318955732123
524,174,2,178,881,0.20204313280363223
525,175,0,152,881,0.17253121452894438
526,175,1,228,881,0.25879682179341656
527,175,2,188,881,0.2133938706015891
528,176,0,164,881,0.18615209988649262
529,176,1,214,881,0.24290578887627695
530,176,2,178,881,0.20204313280363223
531,177,0,186,881,0.21112372304199772
532,177,1,235,881,0.2667423382519864
533,177,2,146,881,0.16572077185017026
534,178,0,172,881,0.1952326901248581
535,178,1,233,881,0.264472190692395
536,178,2,178,881,0.20204313280363223
537,179,0,191,881,0.21679909194097616
538,179,1,231,881,0.26220204313280365
539,179,2,177,881,0.20090805902383654
540,180,0,178,881,0.20204313280363223
541,180,1,251,881,0.2849035187287174
542,180,2,211,881,0.2395005675368899
543,181,0,155,881,0.17593643586833144
544,181,1,219,881,0.24858115777525538
545,181,2,194,881,0.22020431328036322
546,182,0,165,881,0.1872871736662883
547,182,1,226,881,0.2565266742338252
548,182,2,190,881,0.21566401816118047
549,183,0,194,881,0.22020431328036322
550,183,1,212,881,0.24063564131668558
551,183,2,182,881,0.20658342792281498
552,184,0,189,881,0.21452894438138478
553,184,1,247,881,0.28036322360953464
554,184,2,183,881,0.20771850170261066
555,185,0,191,881,0.21679909194097616
556,185,1,221,881,0.2508513053348468
557,185,2,175,881,0.19863791146424517
558,186,0,159,881,0.18047673098751418
559,186,1,214,881,0.24290578887627695
560,186,2,188,881,0.2133938706015891
561,187,0,148,881,0.16799091940976163
562,187,1,216,881,0.24517593643586832
563,187,2,186,881,0.21112372304199772
564,188,0,203,881,0.2304199772985244
565,188,1,252,881,0.28603859250851305
566,188,2,159,881,0.18047673098751418
567,189,0,194,881,0.22020431328036322
568,189,1,218,881,0.2474460839954597
569,189,2,162,881,0.18388195232690124
570,190,0,170,881,0.19296254256526674
571,190,1,228,881,0.25879682179341656
572,190,2,189,881,0.21452894438138478
573,191,0,193,881,0.21906923950056753
574,191,1,213,881,0.24177071509648126
575,191,2,161,881,0.18274687854710556
576,192,0,171,881,0.19409761634506242
577,192,1,236,881,0.26787741203178206
578,192,2,180,881,0.2043132803632236
579,193,0,177,881,0.20090805902383654
580,193,1,232,881,0.2633371169125993
581,193,2,194,881,0.22020431328036322
582,194,0,159,881,0.18047673098751418
583,194,1,247,881,0.28036322360953464
584,194,2,196,881,0.2224744608399546
585,195,0,164,881,0.18615209988649262
586,195,1,265,881,0.300794551645857
587,195,2,202,881,0.2292849035187287
588,196,0,151,881,0.1713961407491487
589,196,1,248,881,0.2814982973893303
590,196,2,200,881,0.22701475595913734
591,197,0,177,881,0.20090805902383654
592,197,1,247,881,0.28036322360953464
593,197,2,148,881,0.16799091940976163
594,198,0,163,881,0.18501702610669693
595,198,1,247,881,0.28036322360953464
596,198,2,199,881,0.22587968217934165
597,199,0,197,881,0.22360953461975028
598,199,1,237,881,0.2690124858115778
599,199,2,167,881,0.18955732122587968
600,200,0,180,881,0.2043132803632236
601,200,1,227,881,0.2576617480136209
602,200,2,157,881,0.1782065834279228
603,201,0,173,881,0.1963677639046538
604,201,1,234,881,0.2656072644721907
605,201,2,163,881,0.18501702610669693
606,202,0,167,881,0.18955732122587968
607,202,1,206,881,0.23382519863791146
608,202,2,192,881,0.21793416572077184
609,203,0,209,881,0.23723041997729852
610,203,1,220,881,0.24971623155505107
611,203,2,172,881,0.1952326901248581
612,204,0,189,881,0.21452894438138478
613,204,1,213,881,0.24177071509648126
614,204,2,173,881,0.1963677639046538
615,205,0,157,881,0.1782065834279228
616,205,1,256,881,0.2905788876276958
617,205,2,193,881,0.21906923950056753
618,206,0,166,881,0.188422247446084
619,206,1,231,881,0.26220204313280365
620,206,2,183,881,0.20771850170261066
621,207,0,157,881,0.1782065834279228
622,207,1,221,881,0.2508513053348468
623,207,2,184,881,0.20885357548240635
624,208,0,165,881,0.1872871736662883
625,208,1,231,881,0.26220204313280365
626,208,2,160,881,0.18161180476730987
627,209,0,189,881,0.21452894438138478
628,209,1,233,881,0.264472190692395
629,209,2,166,881,0.188422247446084
630,210,0,190,881,0.21566401816118047
631,210,1,220,881,0.24971623155505107
632,210,2,162,881,0.18388195232690124
633,211,0,183,881,0.20771850170261066
634,211,1,226,881,0.2565266742338252
635,211,2,178,881,0.20204313280363223
636,212,0,197,881,0.22360953461975028
637,212,1,241,881,0.2735527809307605
638,212,2,174,881,0.19750283768444948
639,213,0,182,881,0.20658342792281498
640,213,1,206,881,0.23382519863791146
641,213,2,200,881,0.22701475595913734
642,214,0,177,881,0.20090805902383654
643,214,1,218,881,0.2474460839954597
644,214,2,190,881,0.21566401816118047
645,215,0,175,881,0.19863791146424517
646,215,1,214,881,0.24290578887627695
647,215,2,202,881,0.2292849035187287
648,216,0,183,881,0.20771850170261066
649,216,1,205,881,0.23269012485811577
650,216,2,162,881,0.18388195232690124
651,217,0,143,881,0.1623155505107832
652,217,1,228,881,0.25879682179341656
653,217,2,209,881,0.23723041997729852
654,218,0,153,881,0.17366628830874006
655,218,1,228,881,0.25879682179341656
656,218,2,196,881,0.2224744608399546
657,219,0,158,881,0.1793416572077185
658,219,1,213,881,0.24177071509648126
659,219,2,183,881,0.20771850170261066
660,220,0,181,881,0.2054483541430193
661,220,1,238,881,0.27014755959137343
662,220,2,182,881,0.20658342792281498
663,221,0,177,881,0.20090805902383654
664,221,1,236,881,0.26787741203178206
665,221,2,163,881,0.18501702610669693
666,222,0,181,881,0.2054483541430193
667,222,1,248,881,0.2814982973893303
668,222,2,186,881,0.21112372304199772
669,223,0,182,881,0.20658342792281498
670,223,1,222,881,0.25198637911464244
671,223,2,179,881,0.20317820658342792
672,224,0,186,881,0.21112372304199772
673,224,1,226,881,0.2565266742338252
674,224,2,184,881,0.20885357548240635
675,225,0,173,881,0.1963677639046538
676,225,1,235,881,0.2667423382519864
677,225,2,186,881,0.21112372304199772
678,226,0,190,881,0.21566401816118047
679,226,1,253,881,0.28717366628830876
680,226,2,175,881,0.19863791146424517
681,227,0,161,881,0.18274687854710556
682,227,1,214,881,0.24290578887627695
683,227,2,167,881,0.18955732122587968
684,228,0,190,881,0.21566401816118047
685,228,1,238,881,0.27014755959137343
686,228,2,175,881,0.19863791146424517
687,229,0,168,881,0.19069239500567536
688,229,1,210,881,0.2383654937570942
689,229,2,194,881,0.22020431328036322
690,230,0,158,881,0.1793416572077185
691,230,1,245,881,0.27809307604994327
692,230,2,165,881,0.1872871736662883
693,231,0,176,881,0.19977298524404086
694,231,1,246,881,0.2792281498297389
695,231,2,181,881,0.2054483541430193
696,232,0,203,881,0.2304199772985244
697,232,1,250,881,0.28376844494892167
698,232,2,176,881,0.19977298524404086
699,233,0,180,881,0.2043132803632236
700,233,1,240,881,0.2724177071509648
701,233,2,187,881,0.2122587968217934
702,234,0,185,881,0.20998864926220204
703,234,1,249,881,0.282633371169126
704,234,2,157,881,0.1782065834279228
705,235,0,168,881,0.19069239500567536
706,235,1,201,881,0.22814982973893302
707,235,2,155,881,0.17593643586833144
708,236,0,192,881,0.21793416572077184
709,236,1,222,881,0.25198637911464244
710,236,2,176,881,0.19977298524404086
711,237,0,165,881,0.1872871736662883
712,237,1,228,881,0.25879682179341656
713,237,2,168,881,0.19069239500567536
714,238,0,184,881,0.20885357548240635
715,238,1,219,881,0.24858115777525538
716,238,2,168,881,0.19069239500567536
717,239,0,197,881,0.22360953461975028
718,239,1,214,881,0.24290578887627695
719,239,2,155,881,0.17593643586833144
720,240,0,161,881,0.18274687854710556
721,240,1,263,881,0.2985244040862656
722,240,2,198,881,0.22474460839954596
723,241,0,191,881,0.21679909194097616
724,241,1,216,881,0.24517593643586832
725,241,2,186,881,0.21112372304199772
726,242,0,179,881,0.20317820658342792
727,242,1,246,881,0.2792281498297389
728,242,2,180,881,0.2043132803632236
729,243,0,180,881,0.2043132803632236
730,243,1,225,881,0.25539160045402953
731,243,2,159,881,0.18047673098751418
732,244,0,170,881,0.19296254256526674
733,244,1,246,881,0.2792281498297389
734,244,2,190,881,0.21566401816118047
735,245,0,177,881,0.20090805902383654
736,245,1,244,881,0.27695800227014755
737,245,2,185,881,0.20998864926220204
738,246,0,183,881,0.20771850170261066
739,246,1,206,881,0.23382519863791146
740,246,2,168,881,0.19069239500567536
741,247,0,180,881,0.2043132803632236
742,247,1,239,881,0.27128263337116915
743,247,2,175,881,0.19863791146424517
744,248,0,183,881,0.20771850170261066
745,248,1,225,881,0.25539160045402953
746,248,2,193,881,0.21906923950056753
747,249,0,167,881,0.18955732122587968
748,249,1,210,881,0.2383654937570942
749,249,2,191,881,0.21679909194097616
750,250,0,150,881,0.170261066969353
751,250,1,235,881,0.2667423382519864
752,250,2,192,881,0.21793416572077184
753,251,0,180,881,0.2043132803632236
754,251,1,245,881,0.27809307604994327
755,251,2,199,881,0.22587968217934165
756,252,0,165,881,0.1872871736662883
757,252,1,235,881,0.2667423382519864
758,252,2,188,881,0.2133938706015891
759,253,0,178,881,0.20204313280363223
760,253,1,236,881,0.26787741203178206
761,253,2,174,881,0.19750283768444948
762,254,0,167,881,0.18955732122587968
763,254,1,225,881,0.25539160045402953
764,254,2,194,881,0.22020431328036322
765,255,0,174,881,0.19750283768444948
766,255,1,226,881,0.2565266742338252
767,255,2,181,881,0.2054483541430193
768,256,0,183,881,0.20771850170261066
769,256,1,237,881,0.2690124858115778
770,256,2,196,881,0.2224744608399546
771,257,0,165,881,0.1872871736662883
772,257,1,232,881,0.2633371169125993
773,257,2,189,881,0.21452894438138478
774,258,0,183,881,0.20771850170261066
775,258,1,223,881,0.25312145289443816
776,258,2,164,881,0.18615209988649262
777,259,0,163,881,0.18501702610669693
778,259,1,227,881,0.2576617480136209
779,259,2,168,881,0.19069239500567536
780,260,0,190,881,0.21566401816118047
781,260,1,233,881,0.264472190692395
782,260,2,164,881,0.18615209988649262
783,261,0,185,881,0.20998864926220204
784,261,1,234,881,0.2656072644721907
785,261,2,206,881,0.23382519863791146
786,262,0,176,881,0.19977298524404086
787,262,1,244,881,0.27695800227014755
788,262,2,176,881,0.19977298524404086
789,263,0,180,881,0.2043132803632236
790,263,1,254,881,0.2883087400681044
791,263,2,176,881,0.19977298524404086
792,264,0,152,881,0.17253121452894438
793,264,1,213,881,0.24177071509648126
794,264,2,156,881,0.17707150964812712
795,265,0,174,881,0.19750283768444948
796,265,1,208,881,0.23609534619750283
797,265,2,192,881,0.21793416572077184
798,266,0,181,881,0.2054483541430193
799,266,1,231,881,0.26220204313280365
800,266,2,183,881,0.20771850170261066
801,267,0,177,881,0.20090805902383654
802,267,1,223,881,0.25312145289443816
803,267,2,209,881,0.23723041997729852
804,268,0,181,881,0.2054483541430193
805,268,1,201,881,0.22814982973893302
806,268,2,171,881,0.19409761634506242
807,269,0,180,881,0.2043132803632236
808,269,1,242,881,0.2746878547105562
809,269,2,197,881,0.22360953461975028
810,270,0,190,881,0.21566401816118047
811,270,1,193,881,0.21906923950056753
812,270,2,152,881,0.17253121452894438
813,271,0,187,881,0.2122587968217934
814,271,1,239,881,0.27128263337116915
815,271,2,224,881,0.2542565266742338
816,272,0,160,881,0.18161180476730987
817,272,1,244,881,0.27695800227014755
818,272,2,180,881,0.2043132803632236
819,273,0,173,881,0.1963677639046538
820,273,1,192,881,0.21793416572077184
821,273,2,159,881,0.18047673098751418
822,274,0,182,881,0.20658342792281498
823,274,1,227,881,0.2576617480136209
824,274,2,187,881,0.2122587968217934
825,275,0,175,881,0.19863791146424517
826,275,1,212,881,0.24063564131668558
827,275,2,191,881,0.21679909194097616
828,276,0,196,881,0.2224744608399546
829,276,1,217,881,0.246311010215664
830,276,2,177,881,0.20090805902383654
831,277,0,180,881,0.2043132803632236
832,277,1,237,881,0.2690124858115778
833,277,2,185,881,0.20998864926220204
834,278,0,183,881,0.20771850170261066
835,278,1,227,881,0.2576617480136209
836,278,2,168,881,0.19069239500567536
837,279,0,156,881,0.17707150964812712
838,279,1,214,881,0.24290578887627695
839,279,2,142,881,0.1611804767309875
840,280,0,181,881,0.2054483541430193
841,280,1,209,881,0.23723041997729852
842,280,2,192,881,0.21793416572077184
843,281,0,167,881,0.18955732122587968
844,281,1,227,881,0.2576617480136209
845,281,2,158,881,0.1793416572077185
846,282,0,200,881,0.22701475595913734
847,282,1,213,881,0.24177071509648126
848,282,2,171,881,0.19409761634506242
849,283,0,192,881,0.21793416572077184
850,283,1,254,881,0.2883087400681044
851,283,2,199,881,0.22587968217934165
852,284,0,173,881,0.1963677639046538
853,284,1,237,881,0.2690124858115778
854,284,2,175,881,0.19863791146424517
855,285,0,185,881,0.20998864926220204
856,285,1,225,881,0.25539160045402953
857,285,2,171,881,0.19409761634506242
858,286,0,183,881,0.20771850170261066
859,286,1,238,881,0.27014755959137343
860,286,2,191,881,0.21679909194097616
861,287,0,198,881,0.22474460839954596
862,287,1,221,881,0.2508513053348468
863,287,2,191,881,0.21679909194097616
864,288,0,186,881,0.21112372304199772
865,288,1,262,881,0.2973893303064699
866,288,2,195,881,0.2213393870601589
867,289,0,198,881,0.22474460839954596
868,289,1,214,881,0.24290578887627695
869,289,2,159,881,0.18047673098751418
870,290,0,175,881,0.19863791146424517
871,290,1,238,881,0.27014755959137343
872,290,2,174,881,0.19750283768444948
873,291,0,176,881,0.19977298524404086
874,291,1,242,881,0.2746878547105562
875,291,2,186,881,0.21112372304199772
876,292,0,169,881,0.19182746878547105
877,292,1,237,881,0.2690124858115778
878,292,2,179,881,0.20317820658342792
879,293,0,150,881,0.170261066969353
880,293,1,210,881,0.2383654937570942
881,293,2,187,881,0.2122587968217934
882,294,0,177,881,0.20090805902383654
883,294,1,219,881,0.24858115777525538
884,294,2,199,881,0.22587968217934165
885,295,0,192,881,0.21793416572077184
886,295,1,237,881,0.2690124858115778
887,295,2,190,881,0.21566401816118047
888,296,0,182,881,0.20658342792281498
889,296,1,235,881,0.2667423382519864
890,296,2,177,881,0.20090805902383654
891,297,0,160,881,0.18161180476730987
892,297,1,239,881,0.27128263337116915
893,297,2,193,881,0.21906923950056753
894,298,0,179,881,0.20317820658342792
895,298,1,200,881,0.22701475595913734
896,298,2,187,881,0.2122587968217934
897,299,0,194,881,0.22020431328036322
898,299,1,223,881,0.25312145289443816
899,299,2,186,881,0.21112372304199772
900,300,0,165,881,0.1872871736662883
901,300,1,215,881,0.24404086265607264
902,300,2,187,881,0.2122587968217934
903,301,0,188,881,0.2133938706015891
904,301,1,215,881,0.24404086265607264
905,301,2,175,881,0.19863791146424517
906,302,0,180,881,0.2043132803632236
907,302,1,230,881,0.26106696935300794
908,302,2,177,881,0.20090805902383654
909,303,0,166,881,0.188422247446084
910,303,1,218,881,0.2474460839954597
911,303,2,181,881,0.2054483541430193
912,304,0,196,881,0.2224744608399546
913,304,1,232,881,0.2633371169125993
914,304,2,186,881,0.21112372304199772
915,305,0,177,881,0.20090805902383654
916,305,1,227,881,0.2576617480136209
917,305,2,152,881,0.17253121452894438
918,306,0,161,881,0.18274687854710556
919,306,1,248,881,0.2814982973893303
920,306,2,158,881,0.1793416572077185
921,307,0,159,881,0.18047673098751418
922,307,1,213,881,0.24177071509648126
923,307,2,171,881,0.19409761634506242
924,308,0,193,881,0.21906923950056753
925,308,1,238,881,0.27014755959137343
926,308,2,191,881,0.21679909194097616
927,309,0,191,881,0.21679909194097616
928,309,1,224,881,0.2542565266742338
929,309,2,181,881,0.2054483541430193
930,310,0,170,881,0.19296254256526674
931,310,1,242,881,0.2746878547105562
932,310,2,172,881,0.1952326901248581
933,311,0,177,881,0.20090805902383654
934,311,1,230,881,0.26106696935300794
935,311,2,163,881,0.18501702610669693
936,312,0,151,881,0.1713961407491487
937,312,1,231,881,0.26220204313280365
938,312,2,167,881,0.18955732122587968
939,313,0,189,881,0.21452894438138478
940,313,1,201,881,0.22814982973893302
941,313,2,159,881,0.18047673098751418
942,314,0,179,881,0.20317820658342792
943,314,1,215,881,0.24404086265607264
944,314,2,168,881,0.19069239500567536
945,315,0,165,881,0.1872871736662883
946,315,1,252,881,0.28603859250851305
947,315,2,193,881,0.21906923950056753
948,316,0,170,881,0.19296254256526674
949,316,1,220,881,0.24971623155505107
950,316,2,173,881,0.1963677639046538
951,317,0,189,881,0.21452894438138478
952,317,1,245,881,0.27809307604994327
953,317,2,192,881,0.21793416572077184
954,318,0,190,881,0.21566401816118047
955,318,1,224,881,0.2542565266742338
956,318,2,188,881,0.2133938706015891
957,319,0,178,881,0.20204313280363223
958,319,1,241,881,0.2735527809307605
959,319,2,179,881,0.20317820658342792
960,320,0,157,881,0.1782065834279228
961,320,1,241,881,0.2735527809307605
962,320,2,165,881,0.1872871736662883
963,321,0,150,881,0.170261066969353
964,321,1,220,881,0.24971623155505107
965,321,2,167,881,0.18955732122587968
966,322,0,190,881,0.21566401816118047
967,322,1,223,881,0.25312145289443816
968,322,2,176,881,0.19977298524404086
969,323,0,166,881,0.188422247446084
970,323,1,235,881,0.2667423382519864
971,323,2,196,881,0.2224744608399546
972,324,0,154,881,0.17480136208853575
973,324,1,195,881,0.2213393870601589
974,324,2,202,881,0.2292849035187287
975,325,0,185,881,0.20998864926220204
976,325,1,222,881,0.25198637911464244
977,325,2,159,881,0.18047673098751418
978,326,0,180,881,0.2043132803632236
979,326,1,227,881,0.2576617480136209
980,326,2,206,881,0.23382519863791146
981,327,0,174,881,0.19750283768444948
982,327,1,222,881,0.25198637911464244
983,327,2,175,881,0.19863791146424517
984,328,0,184,881,0.20885357548240635
985,328,1,220,881,0.24971623155505107
986,328,2,189,881,0.21452894438138478
987,329,0,165,881,0.1872871736662883
988,329,1,246,881,0.2792281498297389
989,329,2,200,881,0.22701475595913734
990,330,0,188,881,0.2133938706015891
991,330,1,266,881,0.30192962542565266
992,330,2,191,881,0.21679909194097616
993,331,0,162,881,0.18388195232690124
994,331,1,218,881,0.2474460839954597
995,331,2,180,881,0.2043132803632236
996,332,0,188,881,0.2133938706015891
997,332,1,257,881,0.2917139614074915
998,332,2,156,881,0.17707150964812712
999,333,0,159,881,0.18047673098751418
1000,333,1,236,881,0.26787741203178206
1001,333,2,199,881,0.22587968217934165
1002,334,0,176,881,0.19977298524404086
1003,334,1,204,881,0.23155505107832008
1004,334,2,183,881,0.20771850170261066
1005,335,0,172,881,0.1952326901248581
1006,335,1,234,881,0.2656072644721907
1007,335,2,173,881,0.1963677639046538
1008,336,0,187,881,0.2122587968217934
1009,336,1,231,881,0.26220204313280365
1010,336,2,174,881,0.19750283768444948
1011,337,0,174,881,0.19750283768444948
1012,337,1,236,881,0.26787741203178206
1013,337,2,184,881,0.20885357548240635
1014,338,0,178,881,0.20204313280363223
1015,338,1,208,881,0.23609534619750283
1016,338,2,152,881,0.17253121452894438
1017,339,0,171,881,0.19409761634506242
1018,339,1,244,881,0.27695800227014755
1019,339,2,161,881,0.18274687854710556
1020,340,0,211,881,0.2395005675368899
1021,340,1,229,881,0.2599318955732123
1022,340,2,169,881,0.19182746878547105
1023,341,0,164,881,0.18615209988649262
1024,341,1,221,881,0.2508513053348468
1025,341,2,156,881,0.17707150964812712
1026,342,0,171,881,0.19409761634506242
1027,342,1,230,881,0.26106696935300794
1028,342,2,174,881,0.19750283768444948
1029,343,0,159,881,0.18047673098751418
1030,343,1,228,881,0.25879682179341656
1031,343,2,193,881,0.21906923950056753
1032,344,0,163,881,0.18501702610669693
1033,344,1,218,881,0.2474460839954597
1034,344,2,185,881,0.20998864926220204
1035,345,0,180,881,0.2043132803632236
1036,345,1,234,881,0.2656072644721907
1037,345,2,174,881,0.19750283768444948
1038,346,0,183,881,0.20771850170261066
1039,346,1,226,881,0.2565266742338252
1040,346,2,181,881,0.2054483541430193
1041,347,0,170,881,0.19296254256526674
1042,347,1,222,881,0.25198637911464244
1043,347,2,168,881,0.19069239500567536
1044,348,0,158,881,0.1793416572077185
1045,348,1,215,881,0.24404086265607264
1046,348,2,174,881,0.19750283768444948
1047,349,0,174,881,0.19750283768444948
1048,349,1,224,881,0.2542565266742338
1049,349,2,171,881,0.19409761634506242
1050,350,0,182,881,0.20658342792281498
1051,350,1,242,881,0.2746878547105562
1052,350,2,175,881,0.19863791146424517
1053,351,0,156,881,0.17707150964812712
1054,351,1,252,881,0.28603859250851305
1055,351,2,193,881,0.21906923950056753
1056,352,0,168,881,0.19069239500567536
1057,352,1,230,881,0.26106696935300794
1058,352,2,186,881,0.21112372304199772
1059,353,0,183,881,0.20771850170261066
1060,353,1,210,881,0.2383654937570942
1061,353,2,169,881,0.19182746878547105
1062,354,0,201,881,0.22814982973893302
1063,354,1,233,881,0.264472190692395
1064,354,2,176,881,0.19977298524404086
1065,355,0,150,881,0.170261066969353
1066,355,1,238,881,0.27014755959137343
1067,355,2,173,881,0.1963677639046538
1068,356,0,177,881,0.20090805902383654
1069,356,1,214,881,0.24290578887627695
1070,356,2,189,881,0.21452894438138478
1071,357,0,162,881,0.18388195232690124
1072,357,1,180,881,0.2043132803632236
1073,357,2,192,881,0.21793416572077184
1074,358,0,146,881,0.16572077185017026
1075,358,1,214,881,0.24290578887627695
1076,358,2,171,881,0.19409761634506242
1077,359,0,197,881,0.22360953461975028
1078,359,1,248,881,0.2814982973893303
1079,359,2,193,881,0.21906923950056753
1080,360,0,142,881,0.1611804767309875
1081,360,1,211,881,0.2395005675368899
1082,360,2,181,881,0.2054483541430193
1083,361,0,172,881,0.1952326901248581
1084,361,1,233,881,0.264472190692395
1085,361,2,199,881,0.22587968217934165
1086,362,0,177,881,0.20090805902383654
1087,362,1,212,881,0.24063564131668558
1088,362,2,179,881,0.20317820658342792
1089,363,0,180,881,0.2043132803632236
1090,363,1,221,881,0.2508513053348468
1091,363,2,174,881,0.19750283768444948
1092,364,0,199,881,0.22587968217934165
1093,364,1,198,881,0.22474460839954596
1094,364,2,190,881,0.21566401816118047
1095,365,0,155,881,0.17593643586833144
1096,365,1,213,881,0.24177071509648126
1097,365,2,165,881,0.1872871736662883
1098,366,0,151,881,0.1713961407491487
1099,366,1,231,881,0.26220204313280365
1100,366,2,177,881,0.20090805902383654
1101,367,0,181,881,0.2054483541430193
1102,367,1,240,881,0.2724177071509648
1103,367,2,180,881,0.2043132803632236
1104,368,0,158,881,0.1793416572077185
1105,368,1,233,881,0.264472190692395
1106,368,2,193,881,0.21906923950056753
1107,369,0,205,881,0.23269012485811577
1108,369,1,235,881,0.2667423382519864
1109,369,2,195,881,0.2213393870601589
1110,370,0,165,881,0.1872871736662883
1111,370,1,199,881,0.22587968217934165
1112,370,2,170,881,0.19296254256526674
1113,371,0,172,881,0.1952326901248581
1114,371,1,254,881,0.2883087400681044
1115,371,2,179,881,0.20317820658342792
1116,372,0,163,881,0.18501702610669693
1117,372,1,220,881,0.24971623155505107
1118,372,2,200,881,0.22701475595913734
1119,373,0,172,881,0.1952326901248581
1120,373,1,216,881,0.24517593643586832
1121,373,2,189,881,0.21452894438138478
1122,374,0,169,881,0.19182746878547105
1123,374,1,201,881,0.22814982973893302
1124,374,2,180,881,0.2043132803632236
1125,375,0,188,881,0.2133938706015891
1126,375,1,243,881,0.2758229284903519
1127,375,2,175,881,0.19863791146424517
1128,376,0,141,881,0.16004540295119182
1129,376,1,240,881,0.2724177071509648
1130,376,2,204,881,0.23155505107832008
1131,377,0,177,881,0.20090805902383654
1132,377,1,214,881,0.24290578887627695
1133,377,2,195,881,0.2213393870601589
1134,378,0,177,881,0.20090805902383654
1135,378,1,225,881,0.25539160045402953
1136,378,2,183,881,0.20771850170261066
1137,379,0,181,881,0.2054483541430193
1138,379,1,228,881,0.25879682179341656
1139,379,2,189,881,0.21452894438138478
1140,380,0,176,881,0.19977298524404086
1141,380,1,209,881,0.23723041997729852
1142,380,2,143,881,0.1623155505107832
1143,381,0,160,881,0.18161180476730987
1144,381,1,233,881,0.264472190692395
1145,381,2,183,881,0.20771850170261066
1146,382,0,163,881,0.18501702610669693
1147,382,1,221,881,0.2508513053348468
1148,382,2,180,881,0.2043132803632236
1149,383,0,175,881,0.19863791146424517
1150,383,1,234,881,0.2656072644721907
1151,383,2,186,881,0.21112372304199772
1152,384,0,191,881,0.21679909194097616
1153,384,1,243,881,0.2758229284903519
1154,384,2,169,881,0.19182746878547105
1155,385,0,168,881,0.19069239500567536
1156,385,1,234,881,0.2656072644721907
1157,385,2,175,881,0.19863791146424517
1158,386,0,175,881,0.19863791146424517
1159,386,1,206,881,0.23382519863791146
1160,386,2,178,881,0.20204313280363223
1161,387,0,181,881,0.2054483541430193
1162,387,1,256,881,0.2905788876276958
1163,387,2,217,881,0.246311010215664
1164,388,0,196,881,0.2224744608399546
1165,388,1,248,881,0.2814982973893303
1166,388,2,181,881,0.2054483541430193
1167,389,0,156,881,0.17707150964812712
1168,389,1,224,881,0.2542565266742338
1169,389,2,205,881,0.23269012485811577
1170,390,0,188,881,0.2133938706015891
1171,390,1,251,881,0.2849035187287174
1172,390,2,191,881,0.21679909194097616
1173,391,0,172,881,0.1952326901248581
1174,391,1,242,881,0.2746878547105562
1175,391,2,209,881,0.23723041997729852
1176,392,0,197,881,0.22360953461975028
1177,392,1,227,881,0.2576617480136209
1178,392,2,190,881,0.21566401816118047
1179,393,0,174,881,0.19750283768444948
1180,393,1,221,881,0.2508513053348468
1181,393,2,192,881,0.21793416572077184
1182,394,0,202,881,0.2292849035187287
1183,394,1,219,881,0.24858115777525538
1184,394,2,163,881,0.18501702610669693
1185,395,0,151,881,0.1713961407491487
1186,395,1,201,881,0.22814982973893302
1187,395,2,210,881,0.2383654937570942
1188,396,0,158,881,0.1793416572077185
1189,396,1,201,881,0.22814982973893302
1190,396,2,194,881,0.22020431328036322
1191,397,0,161,881,0.18274687854710556
1192,397,1,243,881,0.2758229284903519
1193,397,2,186,881,0.21112372304199772
1194,398,0,142,881,0.1611804767309875
1195,398,1,210,881,0.2383654937570942
1196,398,2,205,881,0.23269012485811577
1197,399,0,199,881,0.22587968217934165
1198,399,1,224,881,0.2542565266742338
1199,399,2,160,881,0.18161180476730987
1200,400,0,179,881,0.20317820658342792
1201,400,1,230,881,0.26106696935300794
1202,400,2,181,881,0.2054483541430193
1203,401,0,171,881,0.19409761634506242
1204,401,1,252,881,0.28603859250851305
1205,401,2,133,881,0.15096481271282633
1206,402,0,167,881,0.18955732122587968
1207,402,1,232,881,0.2633371169125993
1208,402,2,169,881,0.19182746878547105
1209,403,0,174,881,0.19750283768444948
1210,403,1,242,881,0.2746878547105562
1211,403,2,174,881,0.19750283768444948
1212,404,0,180,881,0.2043132803632236
1213,404,1,224,881,0.2542565266742338
1214,404,2,162,881,0.18388195232690124
1215,405,0,151,881,0.1713961407491487
1216,405,1,208,881,0.23609534619750283
1217,405,2,176,881,0.19977298524404086
1218,406,0,175,881,0.19863791146424517
1219,406,1,209,881,0.23723041997729852
1220,406,2,204,881,0.23155505107832008
1221,407,0,185,881,0.20998864926220204
1222,407,1,227,881,0.2576617480136209
1223,407,2,171,881,0.19409761634506242
1224,408,0,160,881,0.18161180476730987
1225,408,1,211,881,0.2395005675368899
1226,408,2,185,881,0.20998864926220204
1227,409,0,179,881,0.20317820658342792
1228,409,1,233,881,0.264472190692395
1229,409,2,191,881,0.21679909194097616
1230,410,0,154,881,0.17480136208853575
1231,410,1,222,881,0.25198637911464244
1232,410,2,171,881,0.19409761634506242
1233,411,0,177,881,0.20090805902383654
1234,411,1,214,881,0.24290578887627695
1235,411,2,176,881,0.19977298524404086
1236,412,0,178,881,0.20204313280363223
1237,412,1,222,881,0.25198637911464244
1238,412,2,159,881,0.18047673098751418
1239,413,0,193,881,0.21906923950056753
1240,413,1,234,881,0.2656072644721907
1241,413,2,180,881,0.2043132803632236
1242,414,0,193,881,0.21906923950056753
1243,414,1,240,881,0.2724177071509648
1244,414,2,165,881,0.1872871736662883
1245,415,0,174,881,0.19750283768444948
1246,415,1,240,881,0.2724177071509648
1247,415,2,150,881,0.170261066969353
1248,416,0,179,881,0.20317820658342792
1249,416,1,216,881,0.24517593643586832
1250,416,2,207,881,0.23496027241770714
1251,417,0,182,881,0.20658342792281498
1252,417,1,239,881,0.27128263337116915
1253,417,2,184,881,0.20885357548240635
1254,418,0,158,881,0.1793416572077185
1255,418,1,206,881,0.23382519863791146
1256,418,2,169,881,0.19182746878547105
1257,419,0,175,881,0.19863791146424517
1258,419,1,211,881,0.2395005675368899
1259,419,2,153,881,0.17366628830874006
1260,420,0,174,881,0.19750283768444948
1261,420,1,209,881,0.23723041997729852
1262,420,2,182,881,0.20658342792281498
1263,421,0,157,881,0.1782065834279228
1264,421,1,223,881,0.25312145289443816
1265,421,2,179,881,0.20317820658342792
1266,422,0,168,881,0.19069239500567536
1267,422,1,216,881,0.24517593643586832
1268,422,2,151,881,0.1713961407491487
1269,423,0,203,881,0.2304199772985244
1270,423,1,255,881,0.28944381384790013
1271,423,2,158,881,0.1793416572077185
1272,424,0,155,881,0.17593643586833144
1273,424,1,224,881,0.2542565266742338
1274,424,2,203,881,0.2304199772985244
1275,425,0,185,881,0.20998864926220204
1276,425,1,222,881,0.25198637911464244
1277,425,2,173,881,0.1963677639046538
1278,426,0,179,881,0.20317820658342792
1279,426,1,242,881,0.2746878547105562
1280,426,2,183,881,0.20771850170261066
1281,427,0,196,881,0.2224744608399546
1282,427,1,230,881,0.26106696935300794
1283,427,2,183,881,0.20771850170261066
1284,428,0,174,881,0.19750283768444948
1285,428,1,224,881,0.2542565266742338
1286,428,2,164,881,0.18615209988649262
1287,429,0,178,881,0.20204313280363223
1288,429,1,225,881,0.25539160045402953
1289,429,2,157,881,0.1782065834279228
1290,430,0,164,881,0.18615209988649262
1291,430,1,223,881,0.25312145289443816
1292,430,2,206,881,0.23382519863791146
1293,431,0,165,881,0.1872871736662883
1294,431,1,235,881,0.2667423382519864
1295,431,2,182,881,0.20658342792281498
1296,432,0,211,881,0.2395005675368899
1297,432,1,247,881,0.28036322360953464
1298,432,2,171,881,0.19409761634506242
1299,433,0,175,881,0.19863791146424517
1300,433,1,229,881,0.2599318955732123
1301,433,2,195,881,0.2213393870601589
1302,434,0,159,881,0.18047673098751418
1303,434,1,245,881,0.27809307604994327
1304,434,2,196,881,0.2224744608399546
1305,435,0,167,881,0.18955732122587968
1306,435,1,200,881,0.22701475595913734
1307,435,2,155,881,0.17593643586833144
1308,436,0,179,881,0.20317820658342792
1309,436,1,231,881,0.26220204313280365
1310,436,2,173,881,0.1963677639046538
1311,437,0,187,881,0.2122587968217934
1312,437,1,246,881,0.2792281498297389
1313,437,2,159,881,0.18047673098751418
1314,438,0,194,881,0.22020431328036322
1315,438,1,221,881,0.2508513053348468
1316,438,2,167,881,0.18955732122587968
1317,439,0,193,881,0.21906923950056753
1318,439,1,218,881,0.2474460839954597
1319,439,2,162,881,0.18388195232690124
1320,440,0,179,881,0.20317820658342792
1321,440,1,230,881,0.26106696935300794
1322,440,2,182,881,0.20658342792281498
1323,441,0,186,881,0.21112372304199772
1324,441,1,238,881,0.27014755959137343
1325,441,2,177,881,0.20090805902383654
1326,442,0,166,881,0.188422247446084
1327,442,1,232,881,0.2633371169125993
1328,442,2,182,881,0.20658342792281498
1329,443,0,212,881,0.24063564131668558
1330,443,1,233,881,0.264472190692395
1331,443,2,155,881,0.17593643586833144
1332,444,0,179,881,0.20317820658342792
1333,444,1,203,881,0.2304199772985244
1334,444,2,172,881,0.1952326901248581
1335,445,0,157,881,0.1782065834279228
1336,445,1,249,881,0.282633371169126
1337,445,2,206,881,0.23382519863791146
1338,446,0,178,881,0.20204313280363223
1339,446,1,253,881,0.28717366628830876
1340,446,2,157,881,0.1782065834279228
1341,447,0,182,881,0.20658342792281498
1342,447,1,235,881,0.2667423382519864
1343,447,2,164,881,0.18615209988649262
1344,448,0,174,881,0.19750283768444948
1345,448,1,213,881,0.24177071509648126
1346,448,2,179,881,0.20317820658342792
1347,449,0,186,881,0.21112372304199772
1348,449,1,241,881,0.2735527809307605
1349,449,2,174,881,0.19750283768444948
1350,450,0,187,881,0.2122587968217934
1351,450,1,211,881,0.2395005675368899
1352,450,2,190,881,0.21566401816118047
1353,451,0,202,881,0.2292849035187287
1354,451,1,222,881,0.25198637911464244
1355,451,2,179,881,0.20317820658342792
1356,452,0,195,881,0.2213393870601589
1357,452,1,218,881,0.2474460839954597
1358,452,2,188,881,0.2133938706015891
1359,453,0,153,881,0.17366628830874006
1360,453,1,233,881,0.264472190692395
1361,453,2,225,881,0.25539160045402953
1362,454,0,182,881,0.20658342792281498
1363,454,1,260,881,0.29511918274687854
1364,454,2,157,881,0.1782065834279228
1365,455,0,174,881,0.19750283768444948
1366,455,1,246,881,0.2792281498297389
1367,455,2,165,881,0.1872871736662883
1368,456,0,189,881,0.21452894438138478
1369,456,1,234,881,0.2656072644721907
1370,456,2,205,881,0.23269012485811577
1371,457,0,146,881,0.16572077185017026
1372,457,1,219,881,0.24858115777525538
1373,457,2,190,881,0.21566401816118047
1374,458,0,199,881,0.22587968217934165
1375,458,1,207,881,0.23496027241770714
1376,458,2,159,881,0.18047673098751418
1377,459,0,183,881,0.20771850170261066
1378,459,1,240,881,0.2724177071509648
1379,459,2,161,881,0.18274687854710556
1380,460,0,169,881,0.19182746878547105
1381,460,1,241,881,0.2735527809307605
1382,460,2,166,881,0.188422247446084
1383,461,0,172,881,0.1952326901248581
1384,461,1,221,881,0.2508513053348468
1385,461,2,187,881,0.2122587968217934
1386,462,0,168,881,0.19069239500567536
1387,462,1,261,881,0.29625425652667425
1388,462,2,192,881,0.21793416572077184
1389,463,0,163,881,0.18501702610669693
1390,463,1,244,881,0.27695800227014755
1391,463,2,181,881,0.2054483541430193
1392,464,0,177,881,0.20090805902383654
1393,464,1,238,881,0.27014755959137343
1394,464,2,191,881,0.21679909194097616
1395,465,0,168,881,0.19069239500567536
1396,465,1,207,881,0.23496027241770714
1397,465,2,164,881,0.18615209988649262
1398,466,0,173,881,0.1963677639046538
1399,466,1,219,881,0.24858115777525538
1400,466,2,195,881,0.2213393870601589
1401,467,0,199,881,0.22587968217934165
1402,467,1,213,881,0.24177071509648126
1403,467,2,177,881,0.20090805902383654
1404,468,0,181,881,0.2054483541430193
1405,468,1,240,881,0.2724177071509648
1406,468,2,167,881,0.18955732122587968
1407,469,0,221,881,0.2508513053348468
1408,469,1,259,881,0.2939841089670829
1409,469,2,174,881,0.19750283768444948
1410,470,0,172,881,0.1952326901248581
1411,470,1,236,881,0.26787741203178206
1412,470,2,203,881,0.2304199772985244
1413,471,0,195,881,0.2213393870601589
1414,471,1,252,881,0.28603859250851305
1415,471,2,189,881,0.21452894438138478
1416,472,0,201,881,0.22814982973893302
1417,472,1,225,881,0.25539160045402953
1418,472,2,160,881,0.18161180476730987
1419,473,0,152,881,0.17253121452894438
1420,473,1,215,881,0.24404086265607264
1421,473,2,176,881,0.19977298524404086
1422,474,0,182,881,0.20658342792281498
1423,474,1,245,881,0.27809307604994327
1424,474,2,186,881,0.21112372304199772
1425,475,0,181,881,0.2054483541430193
1426,475,1,238,881,0.27014755959137343
1427,475,2,190,881,0.21566401816118047
1428,476,0,191,881,0.21679909194097616
1429,476,1,197,881,0.22360953461975028
1430,476,2,160,881,0.18161180476730987
1431,477,0,189,881,0.21452894438138478
1432,477,1,238,881,0.27014755959137343
1433,477,2,163,881,0.18501702610669693
1434,478,0,180,881,0.2043132803632236
1435,478,1,223,881,0.25312145289443816
1436,478,2,186,881,0.21112372304199772
1437,479,0,190,881,0.21566401816118047
1438,479,1,235,881,0.2667423382519864
1439,479,2,190,881,0.21566401816118047
1440,480,0,171,881,0.19409761634506242
1441,480,1,229,881,0.2599318955732123
1442,480,2,178,881,0.20204313280363223
1443,481,0,170,881,0.19296254256526674
1444,481,1,234,881,0.2656072644721907
1445,481,2,171,881,0.19409761634506242
1446,482,0,197,881,0.22360953461975028
1447,482,1,228,881,0.25879682179341656
1448,482,2,152,881,0.17253121452894438
1449,483,0,183,881,0.20771850170261066
1450,483,1,212,881,0.24063564131668558
1451,483,2,174,881,0.19750283768444948
1452,484,0,172,881,0.1952326901248581
1453,484,1,218,881,0.2474460839954597
1454,484,2,174,881,0.19750283768444948
1455,485,0,174,881,0.19750283768444948
1456,485,1,213,881,0.24177071509648126
1457,485,2,160,881,0.18161180476730987
1458,486,0,165,881,0.1872871736662883
1459,486,1,219,881,0.24858115777525538
1460,486,2,198,881,0.22474460839954596
1461,487,0,162,881,0.18388195232690124
1462,487,1,195,881,0.2213393870601589
1463,487,2,191,881,0.21679909194097616
1464,488,0,187,881,0.2122587968217934
1465,488,1,231,881,0.26220204313280365
1466,488,2,192,881,0.21793416572077184
1467,489,0,181,881,0.2054483541430193
1468,489,1,242,881,0.2746878547105562
1469,489,2,180,881,0.2043132803632236
1470,490,0,157,881,0.1782065834279228
1471,490,1,244,881,0.27695800227014755
1472,490,2,196,881,0.2224744608399546
1473,491,0,160,881,0.18161180476730987
1474,491,1,229,881,0.2599318955732123
1475,491,2,184,881,0.20885357548240635
1476,492,0,164,881,0.18615209988649262
1477,492,1,250,881,0.28376844494892167
1478,492,2,196,881,0.2224744608399546
1479,493,0,172,881,0.1952326901248581
1480,493,1,244,881,0.27695800227014755
1481,493,2,170,881,0.19296254256526674
1482,494,0,185,881,0.20998864926220204
1483,494,1,218,881,0.2474460839954597
1484,494,2,175,881,0.19863791146424517
1485,495,0,194,881,0.22020431328036322
1486,495,1,245,881,0.27809307604994327
1487,495,2,177,881,0.20090805902383654
1488,496,0,184,881,0.20885357548240635
1489,496,1,220,881,0.24971623155505107
1490,496,2,184,881,0.20885357548240635
1491,497,0,195,881,0.2213393870601589
1492,497,1,209,881,0.23723041997729852
1493,497,2,190,881,0.21566401816118047
1494,498,0,195,881,0.2213393870601589
1495,498,1,224,881,0.2542565266742338
1496,498,2,151,881,0.1713961407491487
1497,499,0,174,881,0.19750283768444948
1498,499,1,225,881,0.25539160045402953
1499,499,2,189,881,0.21452894438138478
1500,500,0,186,881,0.21112372304199772
1501,500,1,252,881,0.28603859250851305
1502,500,2,192,881,0.21793416572077184
1503,501,0,159,881,0.18047673098751418
1504,501,1,242,881,0.2746878547105562
1505,501,2,176,881,0.19977298524404086
1506,502,0,191,881,0.21679909194097616
1507,502,1,216,881,0.24517593643586832
1508,502,2,181,881,0.2054483541430193
1509,503,0,169,881,0.19182746878547105
1510,503,1,240,881,0.2724177071509648
1511,503,2,172,881,0.1952326901248581
1512,504,0,177,881,0.20090805902383654
1513,504,1,208,881,0.23609534619750283
1514,504,2,163,881,0.18501702610669693
1515,505,0,192,881,0.21793416572077184
1516,505,1,245,881,0.27809307604994327
1517,505,2,158,881,0.1793416572077185
1518,506,0,179,881,0.20317820658342792
1519,506,1,240,881,0.2724177071509648
1520,506,2,190,881,0.21566401816118047
1521,507,0,197,881,0.22360953461975028
1522,507,1,224,881,0.2542565266742338
1523,507,2,156,881,0.17707150964812712
1524,508,0,159,881,0.18047673098751418
1525,508,1,235,881,0.2667423382519864
1526,508,2,151,881,0.1713961407491487
1527,509,0,149,881,0.16912599318955732
1528,509,1,222,881,0.25198637911464244
1529,509,2,181,881,0.2054483541430193
1530,510,0,161,881,0.18274687854710556
1531,510,1,226,881,0.2565266742338252
1532,510,2,176,881,0.19977298524404086
1533,511,0,189,881,0.21452894438138478
1534,511,1,237,881,0.2690124858115778
1535,511,2,152,881,0.17253121452894438
