dim,f_stat,p_value,p_adj_fdr,significant_after_fdr,eta_sq
155,5.300449463948277,0.00010313255681034809,0.011922531231798561,True,0.06874732692532315
107,5.256225056949268,0.00011309249337727573,0.011922531231798561,True,0.06821286633449634
124,5.2507062897170576,0.00011440082998520967,0.011922531231798561,True,0.06814611577928789
171,5.2021319551713265,0.0001265865618679041,0.011922531231798561,True,0.06755829480776171
339,5.171055301773217,0.00013505231954880732,0.011922531231798561,True,0.06718181110652942
93,5.154750510409979,0.0001397171628726394,0.011922531231798561,True,0.06698418385187996
197,4.996762518233018,0.00019410617697183043,0.01419748037279674,True,0.06506475156475919
234,4.854530783561475,0.00026085517450344077,0.015797427849294818,True,0.0633299852916434
69,4.824408239624854,0.00027768916141338544,0.015797427849294818,True,0.06296177676750235
60,4.570622492247241,0.0004698780552042624,0.021652215637846882,True,0.05984791395543341
16,4.533860239455271,0.0005070023963375504,0.021652215637846882,True,0.05939513478748272
15,4.531315438660287,0.0005096774873409626,0.021652215637846882,True,0.059363791913955986
391,4.442532824744541,0.0006123155179560806,0.021652215637846882,True,0.058268431958359033
232,4.42982547185846,0.0006285949431324488,0.021652215637846882,True,0.05811143594838454
37,4.42541712142471,0.0006343422550150454,0.021652215637846882,True,0.058056971660090835
283,4.32353087195702,0.0007827107822487275,0.02504674503195928,True,0.056796240687575154
467,4.1511359195553625,0.0011160303542847327,0.03361220831728136,True,0.054655348790896854
259,4.025767477810146,0.001443438399689335,0.04105780336894108,True,0.05309233075726795
79,3.969096782058186,0.001621073910956389,0.04218866131286876,True,0.052384112001993985
231,3.9610487787013375,0.0016479945825339359,0.04218866131286876,True,0.05228344735480111
23,3.878749759696217,0.0019499597095072243,0.044552653047480566,True,0.05125283009007359
413,3.8343456701397867,0.0021349629856489095,0.044552653047480566,True,0.05069582260861673
277,3.816285547262648,0.0022150749052629037,0.044552653047480566,True,0.050469096332368
502,3.8138071537228084,0.0022262978370067537,0.044552653047480566,True,0.050437959974565544
468,3.7812941698831075,0.0023788311839347018,0.044552653047480566,True,0.050029506142106654
31,3.78017472867085,0.0023842627671175334,0.044552653047480566,True,0.050015436344312825
141,3.772375217664266,0.0024224476767890453,0.044552653047480566,True,0.04991739421370892
110,3.7695408522991873,0.0024364732135340934,0.044552653047480566,True,0.04988175361039024
486,3.7303402933188723,0.0026388731041717736,0.044626540401014186,True,0.04938862406886987
209,3.7238198772984945,0.0026741120869096468,0.044626540401014186,True,0.04930655157810875
375,3.718719917676544,0.0027019975633426558,0.044626540401014186,True,0.04924235124079233
291,3.697008254060746,0.0028239574858977042,0.04518331977436327,True,0.04896893975788355
199,3.6557714990818004,0.0030707298972226056,0.047642839617514365,True,0.048449190867843175
298,3.5350894932235892,0.003921642024680956,0.05659081813425724,False,0.04692488422184873
493,3.5166446298789444,0.004070697258199082,0.05659081813425724,False,0.046691472671960055
131,3.506162666871847,0.004157873634835054,0.05659081813425724,False,0.0465587765549774
476,3.4911427751519786,0.004286001859614557,0.05659081813425724,False,0.04636856794428739
350,3.487468485232477,0.004317932394151105,0.05659081813425724,False,0.04632203195683388
123,3.4857363295329926,0.004333066336702277,0.05659081813425724,False,0.046300095632872865
251,3.4757704855432197,0.004421157666738847,0.05659081813425724,False,0.046173823593899925
78,3.4353943891786667,0.0047964370868509775,0.05989697045043172,False,0.045661945196409336
333,3.4196417521065325,0.004951196469143469,0.060357442671463236,False,0.04546208587592161
471,3.359374369672055,0.005589904102583443,0.06655885815169123,False,0.04469668294843845
280,3.3349417164289403,0.005871302931345799,0.06832061592838748,False,0.04438603255769978
108,3.313005449528176,0.00613576785880838,0.06981140319355313,False,0.04410694538342322
306,3.2960254799115414,0.006348473909451927,0.07024199544504177,False,0.04389081133467197
94,3.2661777744183325,0.006740042405647865,0.07024199544504177,False,0.04351064477282697
267,3.263698556943018,0.006773612458254182,0.07024199544504177,False,0.04347905156379508
349,3.249814148990801,0.006964667547386692,0.07024199544504177,False,0.04330209450725419
24,3.245559864962639,0.007024258543630539,0.07024199544504177,False,0.04324785522366849
494,3.2311068996345482,0.00723046256974015,0.07024199544504177,False,0.043063559083787895
369,3.216629758229263,0.007442955678179417,0.07024199544504177,False,0.04287888924718132
392,3.214900442053344,0.007468743856037216,0.07024199544504177,False,0.04285681856818568
56,3.209658500820059,0.007547449582901815,0.07024199544504177,False,0.04278993314069689
76,3.198368409053926,0.007719735750974979,0.07024199544504177,False,0.0426458372494026
244,3.197002688926616,0.007740835979270983,0.07024199544504177,False,0.04262840589889355
256,3.1919168506516846,0.00781990964915504,0.07024199544504177,False,0.0425634905793972
63,3.1718044638130958,0.008140436285199094,0.07186040306934373,False,0.04230662833756993
448,3.1603171218410386,0.008329242356710006,0.0722808828243309,False,0.04215986855184256
385,3.137014717347582,0.008725500544899093,0.0744576046498056,False,0.04186201934830906
200,3.116162864064841,0.009095684259198664,0.07521730196560811,False,0.041595336263367845
34,3.1087175168681127,0.009231548376608101,0.07521730196560811,False,0.04150007014424773
377,3.1074294413123957,0.009255253952799435,0.07521730196560811,False,0.04148359510035018
150,3.0718604019831557,0.009933892822022092,0.07947114257617674,False,0.04102823568554303
117,3.001258930832996,0.011427999714398533,0.08939313298128133,False,0.04012310555224347
355,2.991305730524522,0.011655542716168409,0.08939313298128133,False,0.03999535889622788
483,2.9894726112709162,0.011697929511222362,0.08939313298128133,False,0.03997183789335567
105,2.964221201303994,0.012297338408247673,0.09259172448562954,False,0.039647588496784084
282,2.9279581957315055,0.013210814370181219,0.0967507327454021,False,0.039181559277704246
418,2.9273134627105533,0.013227639242535442,0.0967507327454021,False,0.03917326919486993
322,2.91108845632672,0.013657983831893884,0.09803286775557385,False,0.038964612227432374
270,2.895175003261003,0.014093295159207944,0.09803286775557385,False,0.03875986814048482
59,2.886021024816202,0.014349790058916649,0.09803286775557385,False,0.03864204444353431
260,2.884762655499552,0.014385402931733423,0.09803286775557385,False,0.038625849026858367
152,2.8833533840055883,0.01442538856729571,0.09803286775557385,False,0.03860771229872065
82,2.8789245701586705,0.014551753807467992,0.09803286775557385,False,0.03855069470092755
346,2.840850505312546,0.01568345777610485,0.1019067517344697,False,0.03806025829116339
151,2.834158759242264,0.01589101379852035,0.1019067517344697,False,0.03797400871063233
309,2.8336277692653797,0.015907597226762184,0.1019067517344697,False,0.037967179644780316
446,2.833137304210178,0.01592292995851089,0.1019067517344697,False,0.03796084366324673
143,2.8208539063696216,0.016311647226741503,0.10310572074187221,False,0.03780248973468209
434,2.759096873747505,0.018409928276060073,0.11358212727520124,False,0.0370055071781529
217,2.759019139133351,0.018412727663753327,0.11358212727520124,False,0.03700450112942416
168,2.7468658649098994,0.018855508658413577,0.11492881467985419,False,0.03684750014683538
301,2.730404165008955,0.019471754270420357,0.11728868454653203,False,0.03663476675520433
261,2.722862389851475,0.019760560224519417,0.11764426552272025,False,0.036537270867116604
10,2.6956298746646934,0.020838358854630236,0.12263493946632967,False,0.036185064207060594
64,2.6870769364591416,0.021188457888707234,0.1230719847042364,False,0.0360744063141545
498,2.682134114385934,0.021393372341166093,0.1230719847042364,False,0.036010432439114934
159,2.6754182326889673,0.021674868236187667,0.12330591707697873,False,0.035923507039638224
181,2.649491862230765,0.022795571265530674,0.12756923748836801,False,0.035587778608647716
138,2.646631403110238,0.02292259736119113,0.12756923748836801,False,0.03555072376455194
313,2.6340147383132475,0.023491084748909114,0.12853807056325728,False,0.035387245983473446
409,2.627895140790727,0.02377170828431599,0.12853807056325728,False,0.03530793615330356
289,2.6262037907330154,0.023849837311541878,0.12853807056325728,False,0.035286011860685675
71,2.61375876207769,0.024432390577364998,0.13030608307928,False,0.03512466877055257
383,2.590523498538015,0.025557020544703286,0.13371589423502336,False,0.03482329955943455
87,2.589775193866901,0.025594057880922443,0.13371589423502336,False,0.03481359009274315
9,2.5823906854865606,0.025962342298882963,0.1342698914851321,False,0.034717760124892
307,2.5586088731618672,0.027183466605333603,0.13917934901930804,False,0.03440904285514688
503,2.54206795709854,0.028065242063155884,0.14227132610233478,False,0.03419420707588226
367,2.526803372100945,0.028903377398868772,0.14508361988451776,False,0.033995859823911845
236,2.5153073740320497,0.029550446131624466,0.14574525649568068,False,0.03384642551824707
481,2.5052228024960983,0.03012953024813385,0.14574525649568068,False,0.03371529461428473
169,2.50457646707407,0.03016701456880522,0.14574525649568068,False,0.03370689329001232
442,2.5044591597362613,0.030173822633871392,0.14574525649568068,False,0.03370537040509275
70,2.495442273218868,0.030701573849141715,0.1469084655211267,False,0.03358809192165291
132,2.468136792510337,0.03235442467092544,0.15338393918068358,False,0.03323278078367251
414,2.4343444104309304,0.034518485922213384,0.16214187882727754,False,0.03279269736737221
27,2.4275543261803056,0.03496977139352461,0.16276839048622366,False,0.03270422262021074
249,2.4166446640816472,0.035706724208468626,0.16470128643906248,False,0.032562031177925325
100,2.4046561202104306,0.0365337195085451,0.16701128918192046,False,0.03240573632830715
80,2.3843181860191507,0.03797880420550929,0.17208095356832526,False,0.032140459567002795
226,2.369408873141145,0.039072755689187715,0.17289092076367948,False,0.03194590340606127
166,2.3662130474809255,0.03931113725979487,0.17289092076367948,False,0.03190419076566638
154,2.364483635147084,0.03944071618009771,0.17289092076367948,False,0.03188161561591012
465,2.3635840976976246,0.039508276815137695,0.17289092076367948,False,0.03186987308156603
415,2.3383132761116032,0.04145211600672779,0.17855793430094807,False,0.03153988101757596
177,2.337695388758994,0.041500769886353164,0.17855793430094807,False,0.03153180354534062
294,2.3230264956069835,0.04267197646025185,0.1809783138173574,False,0.03134015309079378
210,2.3218130035175357,0.04277026557011767,0.1809783138173574,False,0.031324280170240415
286,2.307537188065626,0.043942902275853866,0.1832588536795833,False,0.031137676822770865
0,2.305981313976093,0.04407254163191907,0.1832588536795833,False,0.031117343676287133
401,2.298774394967454,0.04467781217794536,0.1832588536795833,False,0.031023111285065894
20,2.298028209677502,0.044740931074117016,0.1832588536795833,False,0.031013353785184074
404,2.288170688557496,0.045582785425374354,0.1839677676206842,False,0.030884433099634997
247,2.287592499124341,0.045632629859036905,0.1839677676206842,False,0.030876863899559587
510,2.2823297167337864,0.046088716264997505,0.18435486505999002,False,0.03080802179725543
491,2.270085590623365,0.047166682953227505,0.18720419900815877,False,0.0306478064250992
433,2.25939100211961,0.04812782594799126,0.1895495914259348,False,0.03050781732630966
461,2.2468938212211875,0.04927457968325042,0.19258461677728408,False,0.03034419927627143
443,2.240614820734016,0.04986050668536755,0.19339832896142567,False,0.03026197271227544
239,2.231758980247371,0.05069815681337279,0.1951688442740366,False,0.030145958332637935
241,2.189750488724069,0.0548569108855399,0.2096025251746002,False,0.029595323612575945
428,2.183142537622489,0.055539823292849795,0.21063992241436366,False,0.02950865324902872
188,2.164582595745095,0.05750126328457152,0.21460840674461226,False,0.029265123499174494
242,2.1635527116682742,0.05761200055109692,0.21460840674461226,False,0.02925161587082254
29,2.161404152306475,0.05784367213038377,0.21460840674461226,False,0.02922340426180142
145,2.142571003151491,0.05991243281258275,0.22068464460462137,False,0.028976146284172305
356,2.126443790566539,0.0617393294043134,0.2257895475357747,False,0.028764319318401017
406,2.119522512299217,0.06253939351092995,0.2261386235018203,False,0.028673377144864613
119,2.11669918814179,0.06286855594030992,0.2261386235018203,False,0.028636285135084757
133,2.1142126112936515,0.06315981086085996,0.2261386235018203,False,0.028603597317702994
419,2.098307424893054,0.06505310774956408,0.22760414331612946,False,0.028394528526127373
157,2.097372386629644,0.06516605950485913,0.22760414331612946,False,0.028382224307346066
290,2.0950638728252056,0.06544571745795563,0.22760414331612946,False,0.028351878760586036
1,2.0948433084778073,0.06547249614319245,0.22760414331612946,False,0.028348976563692476
276,2.0922196824151995,0.06579182267731867,0.22760414331612946,False,0.028314477165071718
297,2.0867519389970224,0.06646203110960902,0.22797145588074344,False,0.028242578662453863
183,2.084107190297215,0.06678851246506155,0.22797145588074344,False,0.02820778815891295
425,2.076143892640654,0.06778068021045366,0.22824252472995019,False,0.028103032491426583
435,2.063858493422414,0.06933858057794741,0.22824252472995019,False,0.027941378609948633
292,2.0634409606329305,0.06939211438253025,0.22824252472995019,False,0.027935889256464445
353,2.063428288551658,0.06939373973568859,0.22824252472995019,False,0.02793572394905898
334,2.062817037841164,0.06947218279461068,0.22824252472995019,False,0.027927681232976995
167,2.062268534746159,0.0695426442536567,0.22824252472995019,False,0.027920463882904735
368,2.050768445723766,0.07103551296593484,0.23165721425833527,False,0.02776908787710527
328,2.04045730854432,0.07239957472015603,0.23384918356525738,False,0.027633330672978292
450,2.037898131762833,0.07274191549083547,0.23384918356525738,False,0.027599624101870005
216,2.033812853319755,0.07329155085912907,0.23384918356525738,False,0.027545818900903254
288,2.032015445960734,0.07353460655079383,0.23384918356525738,False,0.027522145047582474
271,2.0237280056569236,0.0746650876973715,0.23597854877193955,False,0.02741297373798837
303,2.008051815147736,0.07684812094288544,0.24138796271630275,False,0.027206403161105796
363,2.0017033846481462,0.0777490711237204,0.2427288074106393,False,0.027122727255618102
118,1.982242682678562,0.08057280359182932,0.25001985114555525,False,0.026866127321232485
347,1.9710202492242666,0.08224442621851959,0.2511226020412969,False,0.026718082401770645
163,1.9704765539702123,0.08232622790879913,0.2511226020412969,False,0.026710908445848138
397,1.9699892895169109,0.08239960379480055,0.2511226020412969,False,0.026704483921852797
358,1.9523984978372813,0.0850897643311434,0.25761034892629336,False,0.02647233786491282
400,1.9495392467812591,0.08553468616693334,0.25761034892629336,False,0.026434595091750147
250,1.9448789653438434,0.08626450850172931,0.25828905469523633,False,0.026373072353276038
341,1.9373942455455213,0.08744879311430748,0.260312686479799,False,0.02627424122318031
478,1.9188126013108218,0.09045459431193661,0.2654837986946632,False,0.026028809978742313
91,1.9183563760503073,0.09052958743171285,0.2654837986946632,False,0.026022782110917363
41,1.9170688887084824,0.09074153275696496,0.2654837986946632,False,0.026005765163785322
439,1.913623740000168,0.09131093900513795,0.26562503703091633,False,0.025960245110086506
179,1.9105161050098038,0.0918274053798285,0.26562503703091633,False,0.025919178353688236
407,1.9040544510020345,0.09290997479107316,0.26724666906196326,False,0.025833776726387626
285,1.8994752941122994,0.09368430917395672,0.26750642961737775,False,0.025773258943676693
480,1.8973529107798501,0.09404522916235937,0.26750642961737775,False,0.025745200818491798
4,1.8886551626491468,0.09553781891619681,0.27025062588449045,False,0.025630200827878022
508,1.8821198960194003,0.09667371564267914,0.2719612220277567,False,0.025543774675517612
345,1.8752183699076337,0.09788683202811645,0.27386916939014,False,0.025452492594898037
126,1.8689059944062143,0.09900870308289796,0.27550247814371603,False,0.02536899220351345
509,1.8651817726297866,0.09967615524885563,0.27561246086421365,False,0.025319722110499553
11,1.8626911537091184,0.1001248392983276,0.27561246086421365,False,0.025286768143477245
431,1.8576561113893146,0.10103760327846738,0.2766377159282101,False,0.025220139214780682
25,1.841431641474889,0.10403131439429884,0.2833193243078777,False,0.02500537896765575
129,1.8374031337381798,0.10478721580217594,0.2838680131783814,False,0.02495203345791351
47,1.8285516261104104,0.10646589914338496,0.28689758084954264,False,0.024834820806938277
361,1.8004826790951576,0.11195412024623229,0.3001073799270729,False,0.024462923229136294
18,1.7949408795180775,0.11306792689897269,0.3015144717305938,False,0.024389459341243293
33,1.783753074819211,0.11534749975079914,0.30599958483113554,False,0.02424112568906343
196,1.771613389073626,0.11786857325308533,0.3110758221937098,False,0.024080124408032394
436,1.7665884184743197,0.11892678900446957,0.31225905625788936,False,0.02401345692234768
48,1.7589288133454173,0.12055654697575656,0.3149232247529967,False,0.02391183104214414
479,1.7441324652983432,0.12376266863050749,0.32122608537872815,False,0.02371545653460255
246,1.7409350075268901,0.12446563789044561,0.32122608537872815,False,0.023672998279022216
505,1.736747227230039,0.12539183319882194,0.32122608537872815,False,0.02361740204635706
317,1.736354827140383,0.12547893960106568,0.32122608537872815,False,0.023612196430366304
331,1.725843006669087,0.12783298661021544,0.3256243241016433,False,0.02347260187289766
463,1.7085603206277873,0.13179070387165948,0.33404376426876065,False,0.02324301392180267
458,1.6983830850865957,0.13417296526178982,0.3384066907095388,False,0.023107758965990922
412,1.6930268122766894,0.13544235475492727,0.33945171038393074,False,0.02303656649908687
96,1.6910512524287415,0.13591328247794102,0.33945171038393074,False,0.023010300097609553
140,1.686697514653291,0.13695634667015888,0.33947866398584003,False,0.022952417443686143
22,1.6854765424061857,0.13725016297865017,0.33947866398584003,False,0.022936183582686988
366,1.6720267652590428,0.14052463838115645,0.3450819999413594,False,0.02275732202814885
495,1.6706509003607746,0.14086355075731272,0.3450819999413594,False,0.02273902188617569
432,1.6669888853665336,0.14176919905777735,0.34516928320182594,False,0.02269031305389662
175,1.6630989189410168,0.1427369691903645,0.34516928320182594,False,0.02263856242735876
90,1.662359268473778,0.14292165632575604,0.34516928320182594,False,0.02262872418850118
254,1.651208978973688,0.14573202943978458,0.3503042210007967,False,0.022480351304573064
54,1.6421814232666572,0.1480436903050128,0.3541979880194699,False,0.022360194135491333
424,1.6375450751473866,0.14924366536398695,0.35448188076268466,False,0.02229847202720693
504,1.6363782133438876,0.1495470434467576,0.35448188076268466,False,0.022282933224249114
381,1.6296528258720098,0.1513064196632077,0.35699947865236104,False,0.02219338951085405
160,1.624509260353378,0.15266448707954342,0.35855145589323956,False,0.022124888774343918
13,1.6194717790059157,0.15400511761004743,0.3600484941385584,False,0.022057793881985737
262,1.608863852039313,0.15686271834606255,0.3626450990760701,False,0.021916473060620077
459,1.6083539780734435,0.15700125605536927,0.3626450990760701,False,0.021909686762003413
77,1.6074738653228806,0.15724064842751478,0.3626450990760701,False,0.0218979590360996
314,1.5995057007274744,0.15942288227775248,0.36344101748290797,False,0.02179177830699488
180,1.5965334330543384,0.16024378848297008,0.36344101748290797,False,0.021752161218820818
212,1.59342511751177,0.16110629880548574,0.36344101748290797,False,0.02171073714660601
111,1.5923844669016725,0.16139598656102996,0.36344101748290797,False,0.02169686074076376
240,1.5909565253236666,0.1617942404194666,0.36344101748290797,False,0.021677828943425882
268,1.5896221025323747,0.16216720275950428,0.36344101748290797,False,0.021660038886873182
438,1.5882386601615768,0.16255467383512875,0.36344101748290797,False,0.021641593401509295
293,1.5772935669463115,0.16564930314999068,0.3687497530991097,False,0.021495661725987967
403,1.5663591756028183,0.1687930653266373,0.37405375011036274,False,0.02134982966941081
384,1.563948967685577,0.16949310551875812,0.37405375011036274,False,0.02131767865151309
266,1.5599814688366682,0.17065106306925626,0.37499289395476054,False,0.0212647477537555
338,1.5420796727910633,0.17596342178375166,0.3850139827063284,False,0.021025852624181524
72,1.5305007261418242,0.1794767512737028,0.3900773640564934,False,0.02087127287314183
73,1.5271623985535512,0.18050109083293886,0.3900773640564934,False,0.02082669271573238
365,1.5269606678981944,0.18056315484646276,0.3900773640564934,False,0.020824004169281464
85,1.5200334886720588,0.18270577784622494,0.3930477237700301,False,0.020731490196963746
453,1.511176725296694,0.18547775585658194,0.3973414686132634,False,0.020613183709038106
373,1.5030319968388568,0.1880593743203905,0.4011933318834997,False,0.020504365621161452
324,1.4971503489944498,0.18994318475462513,0.4034423780863482,False,0.020425764999250293
474,1.4948341114085755,0.1906895615173755,0.4034423780863482,False,0.02039480814919952
193,1.490562136696593,0.19207287439361467,0.4046967559239947,False,0.020337711678739167
420,1.4865161075268176,0.1933910960745049,0.40580426717273155,False,0.020283620009227524
238,1.4821597168045466,0.19481925406183553,0.4069526514260259,False,0.020225386395597796
376,1.4800080207146256,0.19552803173984837,0.4069526514260259,False,0.02019661700146493
287,1.4690232506379772,0.1991815617034813,0.4122850220690695,False,0.020049719987552984
230,1.4674770690759684,0.19970055756470553,0.4122850220690695,False,0.020029037754657416
332,1.4636977827052382,0.20097407130306993,0.41324788958703534,False,0.01997848419679864
75,1.4561485114148198,0.20353907766972873,0.41684803106760443,False,0.019877491448956557
229,1.4523846180933044,0.20482849607118359,0.4172431999296614,False,0.01982712810613476
36,1.4488983472340398,0.20602910981630196,0.4172431999296614,False,0.01978047496761357
430,1.446373552702315,0.20690240322779233,0.4172431999296614,False,0.01974668684541826
218,1.4443714610370515,0.20759717346462334,0.4172431999296614,False,0.01971989685248999
300,1.443768894042927,0.2078066718399681,0.4172431999296614,False,0.019711827612294387
125,1.4389275819188694,0.20949651876315667,0.4176097899519178,False,0.019647032394017237
8,1.4348597774455396,0.21092552860613406,0.4176097899519178,False,0.019592575040764833
449,1.4347203442558796,0.21097465974929727,0.4176097899519178,False,0.01959071150310658
178,1.4339342720946022,0.2112518273389584,0.4176097899519178,False,0.019580184613304873
316,1.4267867719584046,0.2137864468650757,0.4200764188376776,False,0.01948449270655307
67,1.4257941210834955,0.2141405181965505,0.4200764188376776,False,0.019471200446863932
329,1.422934027280326,0.21516351347001705,0.4204722095291936,False,0.019432903673437075
330,1.4083607373912035,0.22044148064243163,0.4291484337981939,False,0.01923770289399236
380,1.4047264178639856,0.22177485901423477,0.4301088174821523,False,0.019189014071379122
198,1.3858551187910917,0.22880975758000624,0.4413725481663224,False,0.018936107804866546
422,1.383864048900924,0.2295629591686814,0.4413725481663224,False,0.01890941078640924
189,1.3813351880726987,0.23052263951971788,0.4413725481663224,False,0.018875512682726716
411,1.3799993749746193,0.23103094318080936,0.4413725481663224,False,0.01885760067193267
165,1.3731748529688188,0.2336426824072238,0.44470280071560814,False,0.01876610098100732
492,1.3655904072854184,0.2365745584207454,0.44851312673739485,False,0.01866438708156247
472,1.3634781629007806,0.23739659637858204,0.44851312673739485,False,0.018636048594836183
84,1.3589652690592566,0.2391610023396283,0.4501854161687121,False,0.01857551188775145
279,1.355447298461312,0.24054408844648287,0.451130305071792,False,0.01852831719108026
50,1.3520802091586175,0.24187416510454587,0.4512650056669965,False,0.018483142164858656
101,1.350807146087727,0.24237866515317194,0.4512650056669965,False,0.018466060257736453
311,1.3437948756479774,0.245173442930852,0.4548145028282472,False,0.018371959419347474
410,1.3387809796503436,0.2471883147398259,0.4553335024102981,False,0.018304663313640578
192,1.3386729922731773,0.24723186263684152,0.4553335024102981,False,0.018303213301934303
68,1.3314102897948745,0.25017547438317855,0.45910337951321656,False,0.018205722972704355
394,1.3222549653468119,0.2539278909937268,0.46432528638852905,False,0.018082796929722245
62,1.3093215174695603,0.2593086859829195,0.471018216148109,False,0.017909088382851393
507,1.3090372647880038,0.25942800186282566,0.471018216148109,False,0.017905272699958886
489,1.2994244043963479,0.2634899197124538,0.4755834203912623,False,0.01777612011004333
451,1.2986952089748645,0.2638001784982783,0.4755834203912623,False,0.017766324403767818
114,1.292547202344891,0.26642806545538256,0.4786356825023013,False,0.017683706901247473
182,1.2861151216859856,0.2692004631204206,0.4790357832249734,False,0.01759725482133896
86,1.2860477379344806,0.2692296326218257,0.4790357832249734,False,0.017596345731830925
35,1.2855212582277469,0.26945762806404755,0.4790357832249734,False,0.017589276713993504
326,1.2782092843648576,0.27264057945717474,0.4830172203531954,False,0.017490978686277848
120,1.2705433455073558,0.2760106875493808,0.4857807507445165,False,0.017387901781566642
225,1.2703456591106002,0.27609804388018416,0.4857807507445165,False,0.017385244679175092
284,1.2656846742018715,0.27816426424668067,0.48699602319223434,False,0.017322559782828244
371,1.2645008021102646,0.27869108358461847,0.48699602319223434,False,0.01730663880240005
92,1.2527993439893872,0.28394209226673073,0.49448418789308207,False,0.017149235254086282
146,1.2499704017384308,0.2852235799036856,0.4950321115616509,False,0.01711116879390593
203,1.2436654781756755,0.2880965451291765,0.4983291591423593,False,0.01702633051883544
89,1.2404374704262329,0.28957649619573983,0.4986594191874036,False,0.016982888092735342
57,1.239004662843326,0.2902353650739185,0.4986594191874036,False,0.01696360493097993
398,1.2331984183282954,0.292917737869879,0.5015848889276858,False,0.016885449240496977
44,1.2265694301161008,0.29600458618723186,0.5051811604262091,False,0.01679620722271943
208,1.2186063626887198,0.29974715337772656,0.5064572629869564,False,0.016688983588699403
426,1.217343954332068,0.3003439398665987,0.5064572629869564,False,0.016671985743212683
452,1.21503165022936,0.3014395152340993,0.5064572629869564,False,0.01664084052973034
421,1.2148898409008537,0.3015068086823102,0.5064572629869564,False,0.016638933943457973
164,1.2137690635314446,0.30203907891006104,0.5064572629869564,False,0.016623838388376513
351,1.2068648300372364,0.30533454245713415,0.5064572629869564,False,0.016530839061705355
223,1.2060406252636835,0.30572985083017024,0.5064572629869564,False,0.01651973837369227
139,1.20580751230059,0.3058417312659908,0.5064572629869564,False,0.016516599604565228
308,1.2054834613905234,0.3059973106604862,0.5064572629869564,False,0.016512232230489334
497,1.2041378022186067,0.30664404594913375,0.5064572629869564,False,0.01649410255611422
215,1.2009540542975445,0.3081785094801622,0.5073549738065692,False,0.016451206147086228
396,1.1975241322660453,0.3098384357028377,0.507553236007798,False,0.016404997198660856
32,1.1962823302013084,0.31044115619562307,0.507553236007798,False,0.016388268463541557
65,1.1945718319411371,0.31127288302040734,0.507553236007798,False,0.016365214547715834
357,1.1903741213058576,0.3133214857312466,0.5092717482361849,False,0.016308644988654936
295,1.1817080416988812,0.3175844375212147,0.5135135492042576,False,0.01619183981156422
7,1.1787531163854552,0.31904839079711095,0.5135135492042576,False,0.016152004948854368
58,1.177039701550628,0.3198996887897803,0.5135135492042576,False,0.01612890298209587
477,1.1751083294061917,0.32086141229614157,0.5135135492042576,False,0.016102866025971052
378,1.1749387378206986,0.32094596825266103,0.5135135492042576,False,0.016100580523089467
17,1.165875532493678,0.3254901768134468,0.5187801984312262,False,0.01597836562154373
202,1.1643418218065755,0.3262641091696384,0.5187801984312262,False,0.0159576800632705
53,1.1559910992609246,0.3305031621416549,0.52389355732671,False,0.015845047819717437
81,1.1523010188307556,0.3323899081211087,0.5238980557019101,False,0.015795270835700728
257,1.1519838282255883,0.33255247676390776,0.5238980557019101,False,0.015790990266818447
252,1.1465546901691714,0.33534459627806795,0.5244703678774507,False,0.015717732925825817
233,1.1456937981068458,0.33578899649806093,0.5244703678774507,False,0.015706120455277407
184,1.1453069680784755,0.33598882942149183,0.5244703678774507,False,0.015700901207690174
115,1.1372006596208497,0.34019757246841364,0.529426009434127,False,0.01559150402123307
325,1.129601567685734,0.34417958758915485,0.53399984498681,False,0.015488931633014598
147,1.1265988413256043,0.3457628317024963,0.5343939403014294,False,0.015448393117061067
441,1.122762446345295,0.34779371083797084,0.5343939403014294,False,0.015396599586918969
359,1.1218766375269533,0.3482639197556827,0.5343939403014294,False,0.015384638665302727
417,1.1212279842649162,0.34860854699351057,0.5343939403014294,False,0.015375877468307247
318,1.1138743003908718,0.35253364954347594,0.5387976972127154,False,0.015276573319656506
496,1.1067119988497618,0.35638862791198284,0.5430683853896882,False,0.015179838563216343
274,1.096307665937976,0.36204492513133024,0.5499052165634473,False,0.015039275252991102
342,1.0945202641337102,0.36302336562196325,0.5499052165634473,False,0.015015125613858477
484,1.0809837854308975,0.370497378034294,0.5590489533821456,False,0.014832182565495351
323,1.079643697161246,0.371243445605331,0.5590489533821456,False,0.014814064865969985
106,1.0738045761377697,0.3745071979541029,0.5623099277199434,False,0.014735123654886972
130,1.0623727853603662,0.38095786488420025,0.5703228854406741,False,0.014580540328730834
319,1.0569604037953946,0.3840400444299472,0.5732609409566559,False,0.014507332421183839
121,1.0453279743313868,0.3907254108663658,0.5808484765424006,False,0.014349967011362062
98,1.044175936017795,0.39139203985767224,0.5808484765424006,False,0.014334380843486639
142,1.0412864025823032,0.3930676633380159,0.581649259043538,False,0.014295277126447127
194,1.0375868259194305,0.3952205154704381,0.5831495790226637,False,0.01424521375957232
224,1.0315452559049283,0.39875428034575366,0.586672964186856,False,0.01416343866385598
305,1.0263116510461483,0.40183354840645036,0.5895093890661965,False,0.014092592501510225
393,1.0239657680782603,0.4032192264772262,0.5896870815501972,False,0.0140608303861791
278,1.0222106736993004,0.40425813598460786,0.5896870815501972,False,0.014037073078633005
253,1.0180726628315864,0.40671503957902416,0.5907619009205445,False,0.01398104147587034
405,1.0164098681985199,0.40770525270818986,0.5907619009205445,False,0.013958521695798497
214,1.0140844472025337,0.4090928963442512,0.5907619009205445,False,0.013927042635756007
395,1.0132187864693096,0.40961030239608065,0.5907619009205445,False,0.013915313224161261
388,1.008159043250297,0.4126436447855273,0.5919871315369578,False,0.013846787114489431
97,1.0079450516449975,0.4127722772630741,0.5919871315369578,False,0.01384388918303111
340,1.0054273606599926,0.4142877768073117,0.5925009545400659,False,0.013809784788804912
219,0.9973635565610074,0.41916760072482295,0.5947554331726151,False,0.01370054928789145
370,0.9969487953056815,0.41941965962506444,0.5947554331726151,False,0.01369492506433687
42,0.996247428384728,0.41984613148906846,0.5947554331726151,False,0.013685419459628385
148,0.9948888297224624,0.4206730848436515,0.5947554331726151,False,0.013667015965407463
466,0.9932496478574304,0.4216723090657408,0.5947554331726151,False,0.013644804892399625
83,0.9912692775070943,0.42288168204669574,0.5948225857360115,False,0.013617968799674158
235,0.989077351442617,0.42422300689634374,0.5950744644682958,False,0.013588264024026516
408,0.9843147209537694,0.4271474221098912,0.597539563170121,False,0.013523723967472675
364,0.9800192148264676,0.4297967020916075,0.5986121285613519,False,0.013465497587075602
245,0.9792820477593317,0.4302524674034717,0.5986121285613519,False,0.013455507467175805
265,0.9767288754114797,0.4318335233448374,0.5991836421478502,False,0.013420897755696264
344,0.9614208868105096,0.44139459108353096,0.6107946773912645,False,0.013213331684791855
227,0.9591431753116465,0.4428290999469193,0.611128030115425,False,0.013182440209864373
6,0.9415075463360726,0.45403943050247597,0.6236737127993592,False,0.012943196541169787
228,0.9388979955115967,0.4557136793999623,0.6236737127993592,False,0.012907785137848784
487,0.9386932934156886,0.45584518068652946,0.6236737127993592,False,0.012905007080681817
264,0.9372201192892486,0.4567922701167182,0.6236737127993592,False,0.012885015076314978
136,0.9249920541009751,0.464701996623033,0.6316000854244803,False,0.012719038628021333
437,0.9241307831180284,0.4652623522004038,0.6316000854244803,False,0.012707346540902616
207,0.9222511213920571,0.46648676176945403,0.6316000854244803,False,0.012681828598619932
26,0.9206488174116734,0.4675320944841368,0.6316000854244803,False,0.012660073456615384
255,0.9122064611231792,0.473063948275413,0.6366125133553318,False,0.012545437800527966
205,0.9111952769581675,0.47372923357105745,0.6366125133553318,False,0.012531705354530794
390,0.9026320944442241,0.47938623057560936,0.6425281415044817,False,0.012415398830306852
248,0.889219007186652,0.4883292160535804,0.6499431065153536,False,0.012233163807437022
51,0.8875913000990118,0.48942120867970584,0.6499431065153536,False,0.012211044391077444
427,0.8871873010228516,0.48969246708537806,0.6499431065153536,False,0.012205552743702268
74,0.8865320391773635,0.49013262114957745,0.6499431065153536,False,0.012196646586707306
46,0.8848469770147173,0.4912655902762536,0.6499431065153536,False,0.012173746562758908
137,0.8815631364224312,0.49347795056333055,0.6511873986815083,False,0.012129112987281773
149,0.8759081415775883,0.4973014506291573,0.654545868180279,False,0.012052246712379627
161,0.8699492087172752,0.5013490139686856,0.6581812696204282,False,0.011971240790801412
475,0.8660239891679781,0.5040255083072314,0.6600027116452748,False,0.011917867266971246
2,0.8638485184585116,0.5055124038289547,0.6602610988786347,False,0.011888287636997617
187,0.859082031468503,0.5087788938878864,0.6614677699115922,False,0.011823463741526525
460,0.8587307180247247,0.5090201198147799,0.6614677699115922,False,0.011818688973168663
170,0.8524560011416833,0.5133393745357507,0.665036683532625,False,0.011733341941330657
470,0.8491645505887608,0.5156131857277906,0.665036683532625,False,0.011688565476397786
372,0.8490922286693993,0.5156632096922893,0.665036683532625,False,0.01168758187159949
49,0.84658549319735,0.5173987289744462,0.6655983649118503,False,0.011653477218151652
315,0.8402816361865209,0.5217772339256461,0.6695487312529594,False,0.011567709452631102
3,0.8337815323720318,0.5263129125338577,0.6736805280433379,False,0.011479251591835415
454,0.8281972411021319,0.53022623833785,0.6753755823659883,False,0.011403245275913725
354,0.8270584002755282,0.5310261824006834,0.6753755823659883,False,0.011387746731966618
304,0.8262499275017374,0.5315944525263541,0.6753755823659883,False,0.011376741772300358
162,0.8194018572398611,0.5364205807936117,0.6788187110682524,False,0.011283512695757175
511,0.8186437889472774,0.5369562069973481,0.6788187110682524,False,0.011273189614544422
500,0.8144676083344479,0.5399118521949076,0.6807108266411429,False,0.011216325240834109
134,0.8114316003568666,0.5420657156263675,0.6807108266411429,False,0.011174981562047352
104,0.8103805780228698,0.5428123574855523,0.6807108266411429,False,0.011160670831399605
204,0.8090322557493002,0.5437709533129442,0.6807108266411429,False,0.011142307616969348
185,0.805407959879752,0.5463518360525061,0.6822735123387393,False,0.011092943984011245
281,0.7981522478259516,0.5515367382776745,0.6861541144812152,False,0.010994111885165667
327,0.7973107103815135,0.5521396389966029,0.6861541144812152,False,0.010982648672335922
352,0.7915135166159074,0.5563014923903227,0.6896522133265017,False,0.010903665779212203
144,0.7834613970468917,0.5621066588763355,0.6927907167517813,False,0.010793934820240032
186,0.781347680064366,0.5636351754013933,0.6927907167517813,False,0.010765127924630982
402,0.781274731157672,0.5636879617878331,0.6927907167517813,False,0.01076413727206502
263,0.7777467558598162,0.5662435214766668,0.6927907167517813,False,0.010716055233223935
220,0.7760569256182902,0.5674694389573737,0.6927907167517813,False,0.010693014053616003
28,0.7712759947464772,0.570944279824814,0.6927907167517813,False,0.010627843291802701
444,0.7708472443749245,0.5712563612080666,0.6927907167517813,False,0.01062199536389441
109,0.768572131119067,0.5729136395762104,0.6927907167517813,False,0.010590978115989257
156,0.7680250904072929,0.5733124383910195,0.6927907167517813,False,0.010583522486652747
272,0.7678745117686698,0.5734222331702321,0.6927907167517813,False,0.010581468103007407
488,0.7674698861719886,0.5737173123100688,0.6927907167517813,False,0.010575949914524294
360,0.7561221708064216,0.5820193236817138,0.7011621028824412,False,0.010421203202776749
173,0.7516902934069212,0.5852752894672647,0.7034294558855388,False,0.010360755875155486
102,0.7469766476893153,0.5887463917609825,0.7059441512450189,False,0.010296453531366883
382,0.7420969840073885,0.5923483851701962,0.7070243187630613,False,0.010229880942923413
55,0.7410319126784622,0.5931357308259338,0.7070243187630613,False,0.010215347497352471
88,0.7401473375835028,0.5937899552111647,0.7070243187630613,False,0.010203274768628416
273,0.7313123629159555,0.6003393386897642,0.7131641331999055,False,0.01008271052504961
135,0.7281586349669535,0.6026837042816425,0.7142917976671319,False,0.01003967034269158
191,0.7132215093032882,0.6138315406710675,0.7258239002854193,False,0.009835744583047302
206,0.7049527528000993,0.6200323009233448,0.7314666775869875,False,0.009722824152815926
389,0.6978535326420575,0.625371733045016,0.7357329952547408,False,0.009625853349740015
195,0.6963257382336616,0.6265226287716152,0.7357329952547408,False,0.009604977636036321
387,0.6936158290950363,0.6285655544408636,0.7364429379261377,False,0.0095679576941866
201,0.6852589223873045,0.6348775360282404,0.7421399507910025,False,0.0094537697275591
12,0.6766929786373498,0.6413650344730875,0.7453262004673902,False,0.009336696764588814
501,0.6761243088367284,0.6417963183803761,0.7453262004673902,False,0.009328927555825327
112,0.6758947754585596,0.6419704187619513,0.7453262004673902,False,0.009325787777341202
213,0.6579573234409735,0.6556096490937098,0.7556603382700201,False,0.00908053971869517
379,0.6572683344001592,0.6561347686021994,0.7556603382700201,False,0.009071114994685107
269,0.6566363151366115,0.6566165411499012,0.7556603382700201,False,0.009062474495076932
66,0.6564283293826938,0.6567750986917167,0.7556603382700201,False,0.009059629065897974
14,0.654184850099026,0.6584858813842033,0.7559299804231212,False,0.009028942882028143
40,0.6500527362000011,0.6616390357551061,0.7578505286501439,False,0.008972425420519877
116,0.6463458923802752,0.6644699471657538,0.7593942253322901,False,0.008921719081557379
243,0.6235804802964218,0.6818946762452402,0.7770964964692569,False,0.008610186631091091
457,0.6198693824590585,0.6847401064360494,0.7770964964692569,False,0.008559380551242174
386,0.6184301898673068,0.6858438597113098,0.7770964964692569,False,0.008539679606355776
473,0.6181868453615547,0.6860305007892659,0.7770964964692569,False,0.008536347482918124
222,0.6155260441884141,0.6880715375466673,0.7776879188165423,False,0.008499919112393726
320,0.6103592781522109,0.6920359728758301,0.7804458548731829,False,0.008429168724049372
174,0.6020222073328513,0.6984351975595795,0.7859314750560543,False,0.008314990448093659
113,0.598902602718446,0.7008300905058877,0.786896943725909,False,0.008272262025194025
343,0.5949322001160486,0.7038782208490874,0.7885900417390213,False,0.008217871342546442
310,0.587830704554533,0.7093297781652779,0.7929625467699176,False,0.008120573692685694
462,0.5737131429837328,0.7201618199642152,0.8033177599600833,False,0.007927092977219845
190,0.5680507333251181,0.7245026927524509,0.8064029971505541,False,0.0078494663355713
221,0.5588328879688894,0.731562309734294,0.812494365691884,False,0.007723075780041503
95,0.5411706943175723,0.7450559851770104,0.8236927266495034,False,0.0074808138941627085
321,0.5405285887364851,0.7455455243942632,0.8236927266495034,False,0.0074720022068889775
211,0.538234211241464,0.7472940776414803,0.8236927266495034,False,0.007440522286410651
21,0.5372020912632758,0.7480803083828498,0.8236927266495034,False,0.00742635874382192
296,0.5269275877019477,0.7558941241707233,0.8303574253240639,False,0.007285358682388033
362,0.5249742389914215,0.757376792238941,0.8303574253240639,False,0.007258548142097131
30,0.520877209080819,0.7604833567668964,0.8308094775101483,False,0.007202309439999603
447,0.5201497676911525,0.761034462797382,0.8308094775101483,False,0.007192323566687151
440,0.5150074971442989,0.7649259332108846,0.8332810166041977,False,0.007121722471864275
237,0.5121702581096116,0.7670696937670912,0.8338422148805748,False,0.007082766991095209
38,0.5086724158624679,0.7697091367142962,0.8349387245714399,False,0.007034734832620747
399,0.49021141810486135,0.7835693421899292,0.8481765395375133,False,0.006781160047034957
374,0.4848074833842103,0.7876016178660633,0.8491277440227668,False,0.006706906072468641
423,0.48458817935541343,0.7877649968961216,0.8491277440227668,False,0.0067038922551640005
61,0.4812002214550503,0.7902863291419524,0.8500558834468059,False,0.006657335373527566
275,0.4729506157652999,0.7964039790499785,0.85436919662483,False,0.006543950993916081
153,0.46632642581678313,0.8012925862294422,0.85436919662483,False,0.00645288506925775
429,0.46554193324106646,0.80187006893903,0.85436919662483,False,0.006442100189983986
258,0.465230079263741,0.8020995433122902,0.85436919662483,False,0.006437812295937964
299,0.46363750911636153,0.8032706283668152,0.85436919662483,False,0.00641591789581872
172,0.46222457501289804,0.8043085015100939,0.85436919662483,False,0.006396489304109593
302,0.45664997167688043,0.80839281797783,0.8569298608791904,False,0.0063198339441853275
127,0.4326849649844403,0.8257423257453123,0.8735125429371898,False,0.005990154624575269
456,0.4276034247120703,0.8293733726091145,0.8755446737646734,False,0.005920222578606834
445,0.42347933671045435,0.8323069269723986,0.8768336349997286,False,0.005863456989907865
490,0.4116104009376132,0.8406794236230373,0.8838354515297641,False,0.005700058141476241
103,0.39541111769722287,0.8519257533612952,0.8938237412315228,False,0.005476955048822832
482,0.38415723216117603,0.8596049785370319,0.8963129567956194,False,0.005321905006145435
19,0.38404310794896757,0.8596822582312906,0.8963129567956194,False,0.005320331781875912
5,0.3824386586867565,0.860767421619343,0.8963129567956194,False,0.005298222581665146
499,0.3816488211754167,0.8613007319207905,0.8963129567956194,False,0.005287338247408806
128,0.36576212571402406,0.8718979751242029,0.9055005340032289,False,0.005068359474008926
52,0.3588302280060662,0.8764409462747981,0.9083760414831915,False,0.004972783403703606
464,0.3468012531201046,0.8842000516236052,0.9145665180430017,False,0.004806883786770894
39,0.3407410637471869,0.8880466572153378,0.9152993998635046,False,0.0047232821506516
337,0.34004772876637224,0.8884839877581285,0.9152993998635046,False,0.004713717173588006
416,0.311152939977565,0.9061770615979663,0.9316519187513228,False,0.004314908388545311
43,0.30147325713992196,0.9118568952088596,0.9346999264767143,False,0.0041812366016829566
506,0.299856227799708,0.9127928969499163,0.9346999264767143,False,0.004158900602327693
335,0.289902140048636,0.9184713078333763,0.9377463378683841,False,0.004021398413895754
455,0.28721500576919257,0.919979119623181,0.9377463378683841,False,0.003984270424194405
122,0.2849123775998312,0.9212625155230414,0.9377463378683841,False,0.00395245665515072
336,0.2785227487946268,0.9247813413088413,0.9394604102185055,False,0.003864157588185899
176,0.2748697084202369,0.9267645681719304,0.9396108097109472,False,0.0038136700958806146
348,0.2586154137589822,0.9353287108118388,0.9464195650902401,False,0.0035889595989963847
485,0.24071218642234232,0.9442465901100421,0.9535586866594508,False,0.003341335743705047
45,0.21611264634075628,0.9555589694128933,0.9630830557862232,False,0.003000892871944503
99,0.1895894659526233,0.9664474621126844,0.9721436161133485,False,0.0026335682181696674
158,0.1815016385884797,0.9694829636197976,0.9732848575947772,False,0.002521504633165816
312,0.16867797107783924,0.9740128338213923,0.9759189254727061,False,0.002343769009523002
469,0.14051597931279433,0.982703052076333,0.982703052076333,False,0.001953224385308511
