name_enroll,imagenum_enroll,name_verify,imagenum_verify
able_wanamakok,15,able_wanamakok,25
able_wanamakok,15,able_wanamakok,41
able_wanamakok,27,able_wanamakok,41
able_wanamakok,12,able_wanamakok,24
able_wanamakok,15,able_wanamakok,56
able_wanamakok,12,able_wanamakok,15
able_wanamakok,24,able_wanamakok,42
able_wanamakok,25,able_wanamakok,41
able_wanamakok,12,able_wanamakok,27
able_wanamakok,7,able_wanamakok,25
anna_maria_perez_de_tagle,82,anna_maria_perez_de_tagle,93
anna_tsuchiya,19,anna_tsuchiya,50
anna_tsuchiya,15,anna_tsuchiya,44
anna_tsuchiya,3,anna_tsuchiya,19
anna_tsuchiya,1,anna_tsuchiya,50
anna_tsuchiya,5,anna_tsuchiya,15
anna_tsuchiya,15,anna_tsuchiya,42
anna_tsuchiya,1,anna_tsuchiya,5
anna_tsuchiya,1,anna_tsuchiya,3
anna_tsuchiya,3,anna_tsuchiya,42
anna_tsuchiya,1,anna_tsuchiya,18
aubrey_anderson-emmons,1,aubrey_anderson-emmons,2
aubrey_anderson-emmons,14,aubrey_anderson-emmons,29
aubrey_anderson-emmons,15,aubrey_anderson-emmons,29
aubrey_anderson-emmons,1,aubrey_anderson-emmons,33
aubrey_anderson-emmons,2,aubrey_anderson-emmons,33
aubrey_anderson-emmons,1,aubrey_anderson-emmons,15
aubrey_anderson-emmons,1,aubrey_anderson-emmons,14
aubrey_anderson-emmons,15,aubrey_anderson-emmons,33
aubrey_anderson-emmons,2,aubrey_anderson-emmons,15
aubrey_anderson-emmons,2,aubrey_anderson-emmons,29
fala_chen,62,fala_chen,63
fala_chen,62,fala_chen,69
fala_chen,62,fala_chen,73
fala_chen,63,fala_chen,69
fala_chen,63,fala_chen,73
fala_chen,69,fala_chen,73
fumino_kimura,7,fumino_kimura,21
fumino_kimura,22,fumino_kimura,61
fumino_kimura,16,fumino_kimura,49
fumino_kimura,47,fumino_kimura,49
fumino_kimura,16,fumino_kimura,28
fumino_kimura,22,fumino_kimura,62
fumino_kimura,55,fumino_kimura,62
fumino_kimura,28,fumino_kimura,55
fumino_kimura,49,fumino_kimura,54
fumino_kimura,16,fumino_kimura,61
gong_hyo_jin,25,gong_hyo_jin,57
gong_hyo_jin,23,gong_hyo_jin,26
gong_hyo_jin,25,gong_hyo_jin,26
gong_hyo_jin,17,gong_hyo_jin,57
gong_hyo_jin,8,gong_hyo_jin,59
gong_hyo_jin,8,gong_hyo_jin,37
gong_hyo_jin,37,gong_hyo_jin,59
gong_hyo_jin,20,gong_hyo_jin,23
gong_hyo_jin,30,gong_hyo_jin,59
gong_hyo_jin,56,gong_hyo_jin,59
gong_seung_yeon,24,gong_seung_yeon,39
gong_seung_yeon,12,gong_seung_yeon,36
gong_seung_yeon,52,gong_seung_yeon,57
gong_seung_yeon,22,gong_seung_yeon,49
gong_seung_yeon,20,gong_seung_yeon,49
gong_seung_yeon,22,gong_seung_yeon,52
gong_seung_yeon,22,gong_seung_yeon,25
gong_seung_yeon,36,gong_seung_yeon,57
gong_seung_yeon,27,gong_seung_yeon,49
gong_seung_yeon,39,gong_seung_yeon,54
jinny_ng,24,jinny_ng,48
jinny_ng,48,jinny_ng,49
jinny_ng,20,jinny_ng,49
jinny_ng,30,jinny_ng,48
jinny_ng,27,jinny_ng,55
jinny_ng,20,jinny_ng,55
jinny_ng,20,jinny_ng,27
jinny_ng,20,jinny_ng,24
jinny_ng,48,jinny_ng,55
jinny_ng,24,jinny_ng,55
jun_hasegawa,31,jun_hasegawa,68
jun_hasegawa,49,jun_hasegawa,50
jun_hasegawa,31,jun_hasegawa,39
jun_hasegawa,18,jun_hasegawa,56
jun_hasegawa,8,jun_hasegawa,56
jun_hasegawa,8,jun_hasegawa,50
jun_hasegawa,39,jun_hasegawa,68
jun_hasegawa,49,jun_hasegawa,52
jun_hasegawa,39,jun_hasegawa,50
jun_hasegawa,50,jun_hasegawa,52
lee_jung_hyun,52,lee_jung_hyun,58
lee_jung_hyun,10,lee_jung_hyun,37
lee_jung_hyun,37,lee_jung_hyun,52
lee_jung_hyun,2,lee_jung_hyun,52
lee_jung_hyun,2,lee_jung_hyun,13
lee_jung_hyun,10,lee_jung_hyun,18
lee_jung_hyun,37,lee_jung_hyun,58
lee_jung_hyun,51,lee_jung_hyun,58
lee_jung_hyun,18,lee_jung_hyun,51
lee_jung_hyun,10,lee_jung_hyun,13
lee_young_ae,25,lee_young_ae,60
lee_young_ae,15,lee_young_ae,59
lee_young_ae,51,lee_young_ae,56
lee_young_ae,5,lee_young_ae,60
lee_young_ae,25,lee_young_ae,62
lee_young_ae,5,lee_young_ae,45
lee_young_ae,2,lee_young_ae,25
lee_young_ae,27,lee_young_ae,56
lee_young_ae,9,lee_young_ae,20
lee_young_ae,59,lee_young_ae,60
li_na_tennis,28,li_na_tennis,53
li_na_tennis,26,li_na_tennis,53
li_na_tennis,22,li_na_tennis,56
li_na_tennis,36,li_na_tennis,43
li_na_tennis,7,li_na_tennis,43
li_na_tennis,10,li_na_tennis,22
li_na_tennis,26,li_na_tennis,56
li_na_tennis,8,li_na_tennis,9
li_na_tennis,7,li_na_tennis,12
li_na_tennis,8,li_na_tennis,43
li_yuchun,6,li_yuchun,64
li_yuchun,32,li_yuchun,64
li_yuchun,32,li_yuchun,55
li_yuchun,18,li_yuchun,48
li_yuchun,18,li_yuchun,32
li_yuchun,47,li_yuchun,63
li_yuchun,11,li_yuchun,63
li_yuchun,11,li_yuchun,48
li_yuchun,14,li_yuchun,47
li_yuchun,57,li_yuchun,63
lucy_liu,44,lucy_liu,54
lucy_liu,8,lucy_liu,57
lucy_liu,56,lucy_liu,64
lucy_liu,39,lucy_liu,57
lucy_liu,13,lucy_liu,56
lucy_liu,4,lucy_liu,8
lucy_liu,56,lucy_liu,70
lucy_liu,39,lucy_liu,71
lucy_liu,38,lucy_liu,39
lucy_liu,48,lucy_liu,70
maggie_q,210,maggie_q,289
maggie_q,193,maggie_q,240
maggie_q,240,maggie_q,289
maggie_q,193,maggie_q,210
maggie_q,18,maggie_q,281
maggie_q,281,maggie_q,289
maggie_q,18,maggie_q,210
maggie_q,18,maggie_q,289
maggie_q,210,maggie_q,281
maggie_q,193,maggie_q,289
marmee_cosico,41,marmee_cosico,62
marmee_cosico,62,marmee_cosico,79
marmee_cosico,28,marmee_cosico,79
marmee_cosico,28,marmee_cosico,62
marmee_cosico,28,marmee_cosico,41
marmee_cosico,62,marmee_cosico,63
marmee_cosico,28,marmee_cosico,63
marmee_cosico,63,marmee_cosico,79
marmee_cosico,41,marmee_cosico,79
marmee_cosico,41,marmee_cosico,63
maureen_mendoza,6,maureen_mendoza,7
maureen_mendoza,6,maureen_mendoza,28
maureen_mendoza,7,maureen_mendoza,28
mika_nakashima,21,mika_nakashima,53
mika_nakashima,33,mika_nakashima,64
mika_nakashima,33,mika_nakashima,66
mika_nakashima,66,mika_nakashima,67
mika_nakashima,32,mika_nakashima,33
mika_nakashima,53,mika_nakashima,64
mika_nakashima,45,mika_nakashima,64
mika_nakashima,12,mika_nakashima,21
mika_nakashima,21,mika_nakashima,64
mika_nakashima,21,mika_nakashima,32
ming_xi,37,ming_xi,55
ming_xi,9,ming_xi,62
ming_xi,17,ming_xi,55
ming_xi,50,ming_xi,52
ming_xi,9,ming_xi,55
ming_xi,19,ming_xi,67
ming_xi,9,ming_xi,19
ming_xi,48,ming_xi,67
ming_xi,24,ming_xi,67
ming_xi,37,ming_xi,52
minori_chihara,31,minori_chihara,49
minori_chihara,44,minori_chihara,52
minori_chihara,39,minori_chihara,43
minori_chihara,19,minori_chihara,43
minori_chihara,19,minori_chihara,36
minori_chihara,44,minori_chihara,46
minori_chihara,31,minori_chihara,46
minori_chihara,36,minori_chihara,49
minori_chihara,46,minori_chihara,52
minori_chihara,19,minori_chihara,49
moametal,11,moametal,34
moametal,45,moametal,56
moametal,55,moametal,56
moametal,31,moametal,56
moametal,11,moametal,45
moametal,42,moametal,49
moametal,42,moametal,43
moametal,11,moametal,43
moametal,31,moametal,49
moametal,43,moametal,45
momoe_yamaguchi,32,momoe_yamaguchi,38
momoe_yamaguchi,32,momoe_yamaguchi,42
momoe_yamaguchi,38,momoe_yamaguchi,42
puff_guo,43,puff_guo,50
puff_guo,5,puff_guo,50
puff_guo,13,puff_guo,36
puff_guo,43,puff_guo,52
puff_guo,10,puff_guo,36
puff_guo,7,puff_guo,52
puff_guo,33,puff_guo,41
puff_guo,33,puff_guo,50
puff_guo,5,puff_guo,25
puff_guo,5,puff_guo,7
shin_min_a,17,shin_min_a,60
shin_min_a,8,shin_min_a,32
shin_min_a,33,shin_min_a,60
shin_min_a,17,shin_min_a,52
shin_min_a,22,shin_min_a,32
shin_min_a,22,shin_min_a,62
shin_min_a,25,shin_min_a,33
shin_min_a,25,shin_min_a,52
shin_min_a,25,shin_min_a,56
shin_min_a,22,shin_min_a,33
sumetal,12,sumetal,47
sumetal,10,sumetal,54
sumetal,13,sumetal,28
sumetal,13,sumetal,16
sumetal,1,sumetal,55
sumetal,40,sumetal,47
sumetal,1,sumetal,12
sumetal,10,sumetal,16
sumetal,33,sumetal,54
sumetal,54,sumetal,55
tila_tequila,918,tila_tequila,959
tila_tequila,932,tila_tequila,950
tila_tequila,909,tila_tequila,950
tila_tequila,946,tila_tequila,958
tila_tequila,918,tila_tequila,958
tila_tequila,924,tila_tequila,955
tila_tequila,958,tila_tequila,964
tila_tequila,911,tila_tequila,915
tila_tequila,926,tila_tequila,951
tila_tequila,915,tila_tequila,935
vivian_wu,11,vivian_wu,13
vivian_wu,11,vivian_wu,12
vivian_wu,12,vivian_wu,13
xu_jinglei,30,xu_jinglei,61
xu_jinglei,41,xu_jinglei,61
xu_jinglei,1,xu_jinglei,61
xu_jinglei,12,xu_jinglei,15
xu_jinglei,1,xu_jinglei,36
xu_jinglei,11,xu_jinglei,34
xu_jinglei,15,xu_jinglei,41
xu_jinglei,1,xu_jinglei,34
xu_jinglei,1,xu_jinglei,16
xu_jinglei,12,xu_jinglei,30
zhou_xun,3,zhou_xun,36
zhou_xun,1,zhou_xun,57
zhou_xun,3,zhou_xun,13
zhou_xun,3,zhou_xun,11
zhou_xun,36,zhou_xun,53
zhou_xun,1,zhou_xun,10
zhou_xun,29,zhou_xun,53
zhou_xun,22,zhou_xun,38
zhou_xun,0,zhou_xun,1
zhou_xun,0,zhou_xun,29
aaron_yoo,45,aaron_yoo,371
aaron_yoo,17,aaron_yoo,45
aaron_yoo,17,aaron_yoo,371
aaron_yoo,17,aaron_yoo,106
aaron_yoo,45,aaron_yoo,106
aaron_yoo,106,aaron_yoo,371
bang_yong_guk,20,bang_yong_guk,37
bang_yong_guk,1,bang_yong_guk,4
bang_yong_guk,20,bang_yong_guk,42
bang_yong_guk,37,bang_yong_guk,42
bang_yong_guk,42,bang_yong_guk,44
bang_yong_guk,1,bang_yong_guk,37
bang_yong_guk,1,bang_yong_guk,46
bang_yong_guk,1,bang_yong_guk,20
bang_yong_guk,4,bang_yong_guk,37
bang_yong_guk,10,bang_yong_guk,46
big_bang_g-dragon,35,big_bang_g-dragon,50
big_bang_g-dragon,17,big_bang_g-dragon,35
big_bang_g-dragon,28,big_bang_g-dragon,51
big_bang_g-dragon,13,big_bang_g-dragon,51
big_bang_g-dragon,49,big_bang_g-dragon,50
big_bang_g-dragon,12,big_bang_g-dragon,46
big_bang_g-dragon,1,big_bang_g-dragon,46
big_bang_g-dragon,12,big_bang_g-dragon,49
big_bang_g-dragon,6,big_bang_g-dragon,51
big_bang_g-dragon,6,big_bang_g-dragon,12
brandon_soo_hoo,16,brandon_soo_hoo,22
brandon_soo_hoo,17,brandon_soo_hoo,22
brandon_soo_hoo,17,brandon_soo_hoo,23
brandon_soo_hoo,16,brandon_soo_hoo,23
brandon_soo_hoo,16,brandon_soo_hoo,17
brandon_soo_hoo,22,brandon_soo_hoo,23
cha_seung_won,23,cha_seung_won,28
cha_seung_won,8,cha_seung_won,21
cha_seung_won,6,cha_seung_won,8
cha_seung_won,19,cha_seung_won,44
cha_seung_won,21,cha_seung_won,44
cha_seung_won,8,cha_seung_won,23
cha_seung_won,19,cha_seung_won,28
cha_seung_won,21,cha_seung_won,40
cha_seung_won,6,cha_seung_won,29
cha_seung_won,21,cha_seung_won,29
chanyeol,37,chanyeol,38
chanyeol,28,chanyeol,70
chanyeol,28,chanyeol,37
chanyeol,37,chanyeol,58
chanyeol,3,chanyeol,4
chanyeol,28,chanyeol,60
chanyeol,3,chanyeol,37
chanyeol,36,chanyeol,59
chanyeol,36,chanyeol,58
chanyeol,15,chanyeol,37
chin_han,58,chin_han,69
chin_han,6,chin_han,298
chin_han,25,chin_han,298
chin_han,6,chin_han,58
chin_han,6,chin_han,25
chin_han,44,chin_han,69
chin_han,3,chin_han,58
chin_han,6,chin_han,3
chin_han,44,chin_han,58
chin_han,69,chin_han,298
craig_fong,24,craig_fong,78
craig_fong,42,craig_fong,78
craig_fong,7,craig_fong,19
craig_fong,24,craig_fong,31
craig_fong,31,craig_fong,42
craig_fong,31,craig_fong,75
craig_fong,24,craig_fong,60
craig_fong,7,craig_fong,24
craig_fong,19,craig_fong,75
craig_fong,19,craig_fong,60
daniel_henney,55,daniel_henney,56
daniel_henney,0,daniel_henney,7
daniel_henney,48,daniel_henney,53
daniel_henney,36,daniel_henney,48
daniel_henney,13,daniel_henney,37
daniel_henney,15,daniel_henney,54
daniel_henney,8,daniel_henney,9
daniel_henney,7,daniel_henney,54
daniel_henney,15,daniel_henney,53
daniel_henney,8,daniel_henney,36
godfrey_gao,33,godfrey_gao,46
godfrey_gao,7,godfrey_gao,11
godfrey_gao,2,godfrey_gao,4
godfrey_gao,10,godfrey_gao,46
godfrey_gao,2,godfrey_gao,41
godfrey_gao,12,godfrey_gao,38
godfrey_gao,4,godfrey_gao,30
godfrey_gao,39,godfrey_gao,41
godfrey_gao,11,godfrey_gao,39
godfrey_gao,23,godfrey_gao,39
hiroki_narimiya,51,hiroki_narimiya,58
hiroki_narimiya,39,hiroki_narimiya,74
hiroki_narimiya,9,hiroki_narimiya,31
hiroki_narimiya,51,hiroki_narimiya,77
hiroki_narimiya,24,hiroki_narimiya,74
hiroki_narimiya,9,hiroki_narimiya,74
hiroki_narimiya,5,hiroki_narimiya,76
hiroki_narimiya,5,hiroki_narimiya,31
hiroki_narimiya,31,hiroki_narimiya,58
hiroki_narimiya,26,hiroki_narimiya,76
hua_chenyu,18,hua_chenyu,31
hua_chenyu,9,hua_chenyu,26
hua_chenyu,30,hua_chenyu,43
hua_chenyu,10,hua_chenyu,26
hua_chenyu,18,hua_chenyu,43
hua_chenyu,30,hua_chenyu,49
hua_chenyu,29,hua_chenyu,49
hua_chenyu,10,hua_chenyu,40
hua_chenyu,31,hua_chenyu,34
hua_chenyu,36,hua_chenyu,43
huang_xiaoming,6,huang_xiaoming,9
huang_xiaoming,4,huang_xiaoming,22
huang_xiaoming,6,huang_xiaoming,37
huang_xiaoming,20,huang_xiaoming,37
huang_xiaoming,9,huang_xiaoming,22
huang_xiaoming,6,huang_xiaoming,68
huang_xiaoming,22,huang_xiaoming,37
huang_xiaoming,1,huang_xiaoming,17
huang_xiaoming,6,huang_xiaoming,17
huang_xiaoming,17,huang_xiaoming,26
jack_ma,207,jack_ma,289
jack_ma,289,jack_ma,422
jack_ma,328,jack_ma,422
jack_ma,289,jack_ma,328
jack_ma,223,jack_ma,422
jack_ma,207,jack_ma,223
jack_ma,223,jack_ma,328
jack_ma,207,jack_ma,422
jack_ma,223,jack_ma,289
jack_ma,207,jack_ma,328
jaejoong,47,jaejoong,56
jaejoong,11,jaejoong,32
jaejoong,43,jaejoong,57
jaejoong,21,jaejoong,51
jaejoong,6,jaejoong,56
jaejoong,56,jaejoong,57
jaejoong,21,jaejoong,47
jaejoong,40,jaejoong,63
jaejoong,32,jaejoong,47
jaejoong,9,jaejoong,57
jang_keun_suk,45,jang_keun_suk,49
jang_keun_suk,45,jang_keun_suk,58
jang_keun_suk,28,jang_keun_suk,51
jang_keun_suk,26,jang_keun_suk,58
jang_keun_suk,6,jang_keun_suk,51
jang_keun_suk,15,jang_keun_suk,49
jang_keun_suk,12,jang_keun_suk,26
jang_keun_suk,26,jang_keun_suk,60
jang_keun_suk,49,jang_keun_suk,51
jang_keun_suk,26,jang_keun_suk,28
jet_li,56,jet_li,125
jet_li,4,jet_li,127
jet_li,125,jet_li,127
jet_li,4,jet_li,125
jet_li,56,jet_li,127
jet_li,4,jet_li,56
ji_chang_wook,37,ji_chang_wook,59
ji_chang_wook,24,ji_chang_wook,37
ji_chang_wook,46,ji_chang_wook,50
ji_chang_wook,7,ji_chang_wook,46
ji_chang_wook,5,ji_chang_wook,37
ji_chang_wook,37,ji_chang_wook,38
ji_chang_wook,5,ji_chang_wook,46
ji_chang_wook,30,ji_chang_wook,50
ji_chang_wook,24,ji_chang_wook,50
ji_chang_wook,2,ji_chang_wook,46
jian,6,jian,37
jian,28,jian,53
jian,10,jian,53
jian,37,jian,47
jian,10,jian,47
jian,25,jian,53
jian,10,jian,28
jian,11,jian,53
jian,27,jian,53
jian,11,jian,25
john_woo,1,john_woo,19
john_woo,9,john_woo,17
john_woo,16,john_woo,17
john_woo,9,john_woo,19
john_woo,16,john_woo,19
john_woo,9,john_woo,16
john_woo,1,john_woo,17
john_woo,17,john_woo,19
john_woo,1,john_woo,9
john_woo,1,john_woo,16
joo_jin_mo,0,joo_jin_mo,24
joo_jin_mo,24,joo_jin_mo,28
joo_jin_mo,28,joo_jin_mo,42
joo_jin_mo,20,joo_jin_mo,28
joo_jin_mo,45,joo_jin_mo,55
joo_jin_mo,32,joo_jin_mo,39
joo_jin_mo,0,joo_jin_mo,32
joo_jin_mo,44,joo_jin_mo,55
joo_jin_mo,28,joo_jin_mo,39
joo_jin_mo,44,joo_jin_mo,45
jung_woo_sung,17,jung_woo_sung,43
jung_woo_sung,20,jung_woo_sung,26
jung_woo_sung,32,jung_woo_sung,41
jung_woo_sung,0,jung_woo_sung,11
jung_woo_sung,25,jung_woo_sung,34
jung_woo_sung,0,jung_woo_sung,54
jung_woo_sung,17,jung_woo_sung,32
jung_woo_sung,43,jung_woo_sung,54
jung_woo_sung,22,jung_woo_sung,54
jung_woo_sung,20,jung_woo_sung,32
jung_yong_hwa,28,jung_yong_hwa,33
jung_yong_hwa,1,jung_yong_hwa,29
jung_yong_hwa,28,jung_yong_hwa,29
jung_yong_hwa,29,jung_yong_hwa,37
jung_yong_hwa,29,jung_yong_hwa,38
jung_yong_hwa,13,jung_yong_hwa,38
jung_yong_hwa,30,jung_yong_hwa,42
jung_yong_hwa,1,jung_yong_hwa,33
jung_yong_hwa,42,jung_yong_hwa,45
jung_yong_hwa,13,jung_yong_hwa,33
kanata_hongo,22,kanata_hongo,45
kanata_hongo,18,kanata_hongo,22
kanata_hongo,8,kanata_hongo,10
kanata_hongo,43,kanata_hongo,49
kanata_hongo,10,kanata_hongo,39
kanata_hongo,10,kanata_hongo,28
kanata_hongo,18,kanata_hongo,45
kanata_hongo,39,kanata_hongo,53
kanata_hongo,8,kanata_hongo,22
kanata_hongo,18,kanata_hongo,49
kazuya_kamenashi,5,kazuya_kamenashi,25
kazuya_kamenashi,54,kazuya_kamenashi,61
kazuya_kamenashi,7,kazuya_kamenashi,25
kazuya_kamenashi,6,kazuya_kamenashi,61
kazuya_kamenashi,7,kazuya_kamenashi,61
kazuya_kamenashi,42,kazuya_kamenashi,61
kazuya_kamenashi,6,kazuya_kamenashi,15
kazuya_kamenashi,7,kazuya_kamenashi,9
kazuya_kamenashi,52,kazuya_kamenashi,61
kazuya_kamenashi,9,kazuya_kamenashi,15
kris_wu,23,kris_wu,38
kris_wu,55,kris_wu,56
kris_wu,7,kris_wu,23
kris_wu,22,kris_wu,55
kris_wu,14,kris_wu,28
kris_wu,22,kris_wu,56
kris_wu,28,kris_wu,48
kris_wu,52,kris_wu,55
kris_wu,7,kris_wu,22
kris_wu,22,kris_wu,54
lee_dong_hae,20,lee_dong_hae,25
lee_dong_hae,29,lee_dong_hae,53
lee_dong_hae,27,lee_dong_hae,59
lee_dong_hae,34,lee_dong_hae,63
lee_dong_hae,32,lee_dong_hae,63
lee_dong_hae,29,lee_dong_hae,34
lee_dong_hae,24,lee_dong_hae,32
lee_dong_hae,29,lee_dong_hae,32
lee_dong_hae,32,lee_dong_hae,57
lee_dong_hae,34,lee_dong_hae,53
lee_joon-gi,24,lee_joon-gi,26
mark_dacascos,920,mark_dacascos,960
mark_dacascos,22,mark_dacascos,920
mark_dacascos,915,mark_dacascos,961
mark_dacascos,954,mark_dacascos,960
mark_dacascos,928,mark_dacascos,961
mark_dacascos,944,mark_dacascos,954
mark_dacascos,915,mark_dacascos,960
mark_dacascos,928,mark_dacascos,944
mark_dacascos,22,mark_dacascos,961
mark_dacascos,915,mark_dacascos,954
park_ji_sung,9,park_ji_sung,17
park_ji_sung,8,park_ji_sung,18
park_ji_sung,16,park_ji_sung,58
park_ji_sung,26,park_ji_sung,58
park_ji_sung,16,park_ji_sung,18
park_ji_sung,14,park_ji_sung,40
park_ji_sung,14,park_ji_sung,26
park_ji_sung,40,park_ji_sung,50
park_ji_sung,8,park_ji_sung,32
park_ji_sung,16,park_ji_sung,17
reggie_lee,41,reggie_lee,62
reggie_lee,62,reggie_lee,528
reggie_lee,245,reggie_lee,528
reggie_lee,41,reggie_lee,528
reggie_lee,62,reggie_lee,245
reggie_lee,41,reggie_lee,245
robin_shou,97,robin_shou,489
ron_yuan,53,ron_yuan,56
ron_yuan,56,ron_yuan,62
ron_yuan,31,ron_yuan,62
ron_yuan,31,ron_yuan,53
ron_yuan,56,ron_yuan,58
ron_yuan,53,ron_yuan,58
ron_yuan,53,ron_yuan,62
ron_yuan,31,ron_yuan,58
ron_yuan,58,ron_yuan,62
ron_yuan,31,ron_yuan,56
scott_takeda,17,scott_takeda,915
scott_takeda,11,scott_takeda,915
scott_takeda,6,scott_takeda,923
scott_takeda,916,scott_takeda,918
scott_takeda,11,scott_takeda,922
scott_takeda,918,scott_takeda,925
scott_takeda,17,scott_takeda,910
scott_takeda,11,scott_takeda,918
scott_takeda,909,scott_takeda,923
scott_takeda,6,scott_takeda,922
shun_oguri,12,shun_oguri,33
shun_oguri,6,shun_oguri,41
shun_oguri,46,shun_oguri,70
shun_oguri,5,shun_oguri,59
shun_oguri,5,shun_oguri,41
shun_oguri,1,shun_oguri,33
shun_oguri,10,shun_oguri,64
shun_oguri,1,shun_oguri,51
shun_oguri,33,shun_oguri,64
shun_oguri,46,shun_oguri,64
song_joong_ki,8,song_joong_ki,52
song_joong_ki,11,song_joong_ki,26
song_joong_ki,18,song_joong_ki,39
song_joong_ki,18,song_joong_ki,30
song_joong_ki,19,song_joong_ki,28
song_joong_ki,5,song_joong_ki,29
song_joong_ki,19,song_joong_ki,26
song_joong_ki,5,song_joong_ki,11
song_joong_ki,33,song_joong_ki,41
song_joong_ki,39,song_joong_ki,41
steven_yeun,261,steven_yeun,269
steven_yeun,261,steven_yeun,297
steven_yeun,269,steven_yeun,297
teppei_koike,16,teppei_koike,49
teppei_koike,45,teppei_koike,63
teppei_koike,42,teppei_koike,63
teppei_koike,32,teppei_koike,63
teppei_koike,53,teppei_koike,63
teppei_koike,6,teppei_koike,47
teppei_koike,45,teppei_koike,53
teppei_koike,32,teppei_koike,53
teppei_koike,49,teppei_koike,63
teppei_koike,16,teppei_koike,48
toma_ikuta,39,toma_ikuta,74
toma_ikuta,64,toma_ikuta,81
toma_ikuta,48,toma_ikuta,64
toma_ikuta,48,toma_ikuta,75
toma_ikuta,64,toma_ikuta,75
toma_ikuta,7,toma_ikuta,81
toma_ikuta,7,toma_ikuta,75
toma_ikuta,22,toma_ikuta,39
toma_ikuta,10,toma_ikuta,64
toma_ikuta,48,toma_ikuta,74
tony_chiu_wai_leung,12,tony_chiu_wai_leung,23
tony_chiu_wai_leung,6,tony_chiu_wai_leung,21
tony_chiu_wai_leung,17,tony_chiu_wai_leung,25
tony_chiu_wai_leung,21,tony_chiu_wai_leung,25
tony_chiu_wai_leung,7,tony_chiu_wai_leung,21
tony_chiu_wai_leung,7,tony_chiu_wai_leung,20
tony_chiu_wai_leung,6,tony_chiu_wai_leung,20
tony_chiu_wai_leung,20,tony_chiu_wai_leung,25
tony_chiu_wai_leung,12,tony_chiu_wai_leung,25
tony_chiu_wai_leung,4,tony_chiu_wai_leung,23
tony_jaa,12,tony_jaa,54
tony_jaa,11,tony_jaa,20
tony_jaa,17,tony_jaa,45
tony_jaa,11,tony_jaa,45
tony_jaa,4,tony_jaa,12
tony_jaa,17,tony_jaa,24
tony_jaa,12,tony_jaa,43
tony_jaa,11,tony_jaa,43
tony_jaa,31,tony_jaa,33
tony_jaa,8,tony_jaa,33
will_yun_lee,79,will_yun_lee,669
will_yun_lee,669,will_yun_lee,920
will_yun_lee,79,will_yun_lee,490
will_yun_lee,570,will_yun_lee,920
will_yun_lee,79,will_yun_lee,570
will_yun_lee,490,will_yun_lee,570
will_yun_lee,510,will_yun_lee,570
will_yun_lee,490,will_yun_lee,920
will_yun_lee,510,will_yun_lee,920
will_yun_lee,570,will_yun_lee,669
yannus_sufandi,16,yannus_sufandi,55
yannus_sufandi,7,yannus_sufandi,55
yannus_sufandi,7,yannus_sufandi,16
yao_ming,23,yao_ming,38
yao_ming,5,yao_ming,33
yao_ming,1,yao_ming,12
yao_ming,9,yao_ming,17
yao_ming,7,yao_ming,36
yao_ming,9,yao_ming,33
yao_ming,7,yao_ming,38
yao_ming,9,yao_ming,12
yao_ming,11,yao_ming,12
yao_ming,17,yao_ming,22
ye_liu,2,ye_liu,6
ye_liu,12,ye_liu,24
ye_liu,24,ye_liu,29
ye_liu,2,ye_liu,7
ye_liu,6,ye_liu,12
ye_liu,2,ye_liu,12
ye_liu,6,ye_liu,7
ye_liu,12,ye_liu,29
ye_liu,1,ye_liu,7
ye_liu,1,ye_liu,18
yoo_ah_in,1,yoo_ah_in,50
yoo_ah_in,21,yoo_ah_in,48
yoo_ah_in,3,yoo_ah_in,44
yoo_ah_in,1,yoo_ah_in,44
yoo_ah_in,3,yoo_ah_in,31
yoo_ah_in,3,yoo_ah_in,15
yoo_ah_in,18,yoo_ah_in,31
yoo_ah_in,28,yoo_ah_in,50
yoo_ah_in,27,yoo_ah_in,44
yoo_ah_in,44,yoo_ah_in,48
young_man_kang,12,young_man_kang,22
young_man_kang,24,young_man_kang,66
young_man_kang,24,young_man_kang,55
young_man_kang,30,young_man_kang,49
young_man_kang,10,young_man_kang,55
young_man_kang,12,young_man_kang,55
young_man_kang,27,young_man_kang,30
young_man_kang,30,young_man_kang,66
young_man_kang,12,young_man_kang,66
young_man_kang,22,young_man_kang,27
yun-fat_chow,16,yun-fat_chow,200
yun-fat_chow,8,yun-fat_chow,16
yun-fat_chow,200,yun-fat_chow,358
yun-fat_chow,16,yun-fat_chow,50
yun-fat_chow,50,yun-fat_chow,200
yun-fat_chow,8,yun-fat_chow,200
yun-fat_chow,8,yun-fat_chow,358
yun-fat_chow,50,yun-fat_chow,358
yun-fat_chow,16,yun-fat_chow,358
yun-fat_chow,8,yun-fat_chow,50
aisha_tyler,44,aisha_tyler,159
aisha_tyler,61,aisha_tyler,159
aisha_tyler,92,aisha_tyler,159
aisha_tyler,25,aisha_tyler,159
aisha_tyler,49,aisha_tyler,128
aisha_tyler,49,aisha_tyler,159
aisha_tyler,29,aisha_tyler,128
aisha_tyler,29,aisha_tyler,49
aisha_tyler,29,aisha_tyler,44
aisha_tyler,25,aisha_tyler,49
alfre_woodard,94,alfre_woodard,113
alfre_woodard,105,alfre_woodard,113
alfre_woodard,94,alfre_woodard,105
alfre_woodard,113,alfre_woodard,132
alfre_woodard,103,alfre_woodard,132
alfre_woodard,103,alfre_woodard,113
alfre_woodard,94,alfre_woodard,154
alfre_woodard,113,alfre_woodard,154
alfre_woodard,94,alfre_woodard,132
alfre_woodard,103,alfre_woodard,154
amanda_brugel,7,amanda_brugel,26
amanda_brugel,26,amanda_brugel,43
amanda_brugel,7,amanda_brugel,43
amber_riley,91,amber_riley,118
amber_riley,80,amber_riley,91
amber_riley,80,amber_riley,118
amber_riley,80,amber_riley,102
amber_riley,91,amber_riley,102
amber_riley,102,amber_riley,118
audra_mcdonald,55,audra_mcdonald,60
audra_mcdonald,22,audra_mcdonald,60
audra_mcdonald,27,audra_mcdonald,38
audra_mcdonald,38,audra_mcdonald,44
audra_mcdonald,38,audra_mcdonald,60
audra_mcdonald,22,audra_mcdonald,55
audra_mcdonald,27,audra_mcdonald,44
audra_mcdonald,22,audra_mcdonald,38
audra_mcdonald,44,audra_mcdonald,55
audra_mcdonald,44,audra_mcdonald,60
chandra_wilson,8,chandra_wilson,108
chandra_wilson,8,chandra_wilson,70
chandra_wilson,70,chandra_wilson,130
chandra_wilson,8,chandra_wilson,130
chandra_wilson,18,chandra_wilson,70
chandra_wilson,18,chandra_wilson,109
chandra_wilson,109,chandra_wilson,130
chandra_wilson,108,chandra_wilson,109
chandra_wilson,70,chandra_wilson,108
chandra_wilson,18,chandra_wilson,108
christina_milian,7,christina_milian,81
claudia_jordan,5,claudia_jordan,39
claudia_jordan,1,claudia_jordan,29
claudia_jordan,1,claudia_jordan,47
claudia_jordan,29,claudia_jordan,47
claudia_jordan,32,claudia_jordan,47
claudia_jordan,23,claudia_jordan,39
claudia_jordan,5,claudia_jordan,29
claudia_jordan,1,claudia_jordan,39
claudia_jordan,1,claudia_jordan,23
claudia_jordan,23,claudia_jordan,32
denyce_lawton,58,denyce_lawton,95
denyce_lawton,2,denyce_lawton,34
denyce_lawton,13,denyce_lawton,95
denyce_lawton,34,denyce_lawton,95
denyce_lawton,13,denyce_lawton,58
denyce_lawton,13,denyce_lawton,34
denyce_lawton,2,denyce_lawton,58
denyce_lawton,34,denyce_lawton,58
denyce_lawton,2,denyce_lawton,95
denyce_lawton,2,denyce_lawton,13
eva_marcille,11,eva_marcille,45
eva_marcille,11,eva_marcille,29
eva_marcille,14,eva_marcille,25
eva_marcille,11,eva_marcille,14
eva_marcille,29,eva_marcille,45
eva_marcille,14,eva_marcille,29
eva_marcille,14,eva_marcille,45
eva_marcille,25,eva_marcille,45
eva_marcille,11,eva_marcille,25
eva_marcille,25,eva_marcille,29
fumi_desalu-vold,1,fumi_desalu-vold,4
fumi_desalu-vold,1,fumi_desalu-vold,10
fumi_desalu-vold,4,fumi_desalu-vold,10
gabourey_sidibe,37,gabourey_sidibe,129
gabourey_sidibe,37,gabourey_sidibe,91
gabourey_sidibe,91,gabourey_sidibe,129
gabourey_sidibe,37,gabourey_sidibe,152
gabourey_sidibe,129,gabourey_sidibe,152
gabourey_sidibe,91,gabourey_sidibe,152
gloria_reuben,19,gloria_reuben,39
gloria_reuben,21,gloria_reuben,53
gloria_reuben,19,gloria_reuben,48
gloria_reuben,2,gloria_reuben,48
gloria_reuben,21,gloria_reuben,27
gloria_reuben,19,gloria_reuben,27
gloria_reuben,2,gloria_reuben,39
gloria_reuben,17,gloria_reuben,39
gloria_reuben,2,gloria_reuben,17
gloria_reuben,19,gloria_reuben,21
imani_t_williams,1,imani_t_williams,59
imani_t_williams,1,imani_t_williams,26
imani_t_williams,26,imani_t_williams,59
jaida-iman_benjamin,18,jaida-iman_benjamin,77
jordin_sparks,8,jordin_sparks,27
jordin_sparks,97,jordin_sparks,120
jordin_sparks,120,jordin_sparks,155
jordin_sparks,97,jordin_sparks,107
jordin_sparks,8,jordin_sparks,38
jordin_sparks,8,jordin_sparks,58
jordin_sparks,8,jordin_sparks,120
jordin_sparks,97,jordin_sparks,155
jordin_sparks,38,jordin_sparks,107
jordin_sparks,38,jordin_sparks,120
judith_shekoni,1,judith_shekoni,60
judith_shekoni,1,judith_shekoni,20
judith_shekoni,20,judith_shekoni,60
jurnee_smollett-bell,47,jurnee_smollett-bell,51
jurnee_smollett-bell,3,jurnee_smollett-bell,41
jurnee_smollett-bell,3,jurnee_smollett-bell,46
jurnee_smollett-bell,3,jurnee_smollett-bell,47
jurnee_smollett-bell,3,jurnee_smollett-bell,51
jurnee_smollett-bell,41,jurnee_smollett-bell,51
jurnee_smollett-bell,41,jurnee_smollett-bell,46
jurnee_smollett-bell,46,jurnee_smollett-bell,47
jurnee_smollett-bell,46,jurnee_smollett-bell,51
jurnee_smollett-bell,41,jurnee_smollett-bell,47
kat_graham,36,kat_graham,108
kat_graham,37,kat_graham,42
kat_graham,36,kat_graham,42
kat_graham,42,kat_graham,108
kat_graham,36,kat_graham,37
kat_graham,37,kat_graham,108
kim_fields,7,kim_fields,51
kim_fields,19,kim_fields,51
kim_fields,19,kim_fields,37
kim_fields,7,kim_fields,37
kim_fields,37,kim_fields,51
kim_fields,7,kim_fields,19
la_la_anthony,17,la_la_anthony,33
la_la_anthony,33,la_la_anthony,58
la_la_anthony,31,la_la_anthony,68
la_la_anthony,19,la_la_anthony,68
la_la_anthony,55,la_la_anthony,58
la_la_anthony,33,la_la_anthony,55
la_la_anthony,31,la_la_anthony,33
la_la_anthony,17,la_la_anthony,55
la_la_anthony,31,la_la_anthony,58
la_la_anthony,33,la_la_anthony,68
levona_lewis,60,levona_lewis,64
lupita_nyong'o,42,lupita_nyong'o,61
lupita_nyong'o,21,lupita_nyong'o,82
lupita_nyong'o,21,lupita_nyong'o,122
lupita_nyong'o,21,lupita_nyong'o,42
lupita_nyong'o,21,lupita_nyong'o,61
lupita_nyong'o,35,lupita_nyong'o,122
lupita_nyong'o,35,lupita_nyong'o,82
lupita_nyong'o,61,lupita_nyong'o,82
lupita_nyong'o,35,lupita_nyong'o,42
lupita_nyong'o,61,lupita_nyong'o,122
meagan_good,65,meagan_good,108
meagan_good,27,meagan_good,108
meagan_good,27,meagan_good,65
megalyn_echikunwoke,21,megalyn_echikunwoke,43
megalyn_echikunwoke,2,megalyn_echikunwoke,48
megalyn_echikunwoke,6,megalyn_echikunwoke,21
megalyn_echikunwoke,2,megalyn_echikunwoke,43
megalyn_echikunwoke,8,megalyn_echikunwoke,43
megalyn_echikunwoke,2,megalyn_echikunwoke,32
megalyn_echikunwoke,2,megalyn_echikunwoke,6
megalyn_echikunwoke,32,megalyn_echikunwoke,48
megalyn_echikunwoke,8,megalyn_echikunwoke,32
megalyn_echikunwoke,6,megalyn_echikunwoke,32
mo'nique,23,mo'nique,93
mo'nique,25,mo'nique,80
mo'nique,38,mo'nique,93
mo'nique,93,mo'nique,103
mo'nique,80,mo'nique,93
mo'nique,25,mo'nique,103
mo'nique,23,mo'nique,38
mo'nique,38,mo'nique,103
mo'nique,23,mo'nique,80
mo'nique,25,mo'nique,93
monique_coleman,15,monique_coleman,48
monique_coleman,23,monique_coleman,40
monique_coleman,23,monique_coleman,48
monique_coleman,15,monique_coleman,40
monique_coleman,15,monique_coleman,45
monique_coleman,45,monique_coleman,48
monique_coleman,15,monique_coleman,23
monique_coleman,23,monique_coleman,45
monique_coleman,40,monique_coleman,48
monique_coleman,40,monique_coleman,45
namaiya_cunningham,44,namaiya_cunningham,51
namaiya_cunningham,21,namaiya_cunningham,44
namaiya_cunningham,12,namaiya_cunningham,29
namaiya_cunningham,12,namaiya_cunningham,21
namaiya_cunningham,12,namaiya_cunningham,51
namaiya_cunningham,29,namaiya_cunningham,44
namaiya_cunningham,21,namaiya_cunningham,29
namaiya_cunningham,21,namaiya_cunningham,51
namaiya_cunningham,12,namaiya_cunningham,44
namaiya_cunningham,29,namaiya_cunningham,51
nicki_minaj,36,nicki_minaj,45
nicki_minaj,15,nicki_minaj,45
nicki_minaj,15,nicki_minaj,36
nikki_storm,15,nikki_storm,31
nikki_storm,31,nikki_storm,57
nikki_storm,15,nikki_storm,57
octavia_spencer,94,octavia_spencer,101
octavia_spencer,46,octavia_spencer,94
octavia_spencer,46,octavia_spencer,101
pam_grier,55,pam_grier,65
pam_grier,55,pam_grier,62
pam_grier,55,pam_grier,78
pam_grier,62,pam_grier,65
pam_grier,65,pam_grier,78
pam_grier,62,pam_grier,78
pamella_d'pella,15,pamella_d'pella,96
pamella_d'pella,15,pamella_d'pella,99
pamella_d'pella,15,pamella_d'pella,52
pamella_d'pella,52,pamella_d'pella,99
pamella_d'pella,52,pamella_d'pella,76
pamella_d'pella,76,pamella_d'pella,99
pamella_d'pella,96,pamella_d'pella,99
pamella_d'pella,76,pamella_d'pella,96
pamella_d'pella,52,pamella_d'pella,96
pamella_d'pella,15,pamella_d'pella,76
regina_hall,2,regina_hall,36
regina_hall,5,regina_hall,46
regina_hall,7,regina_hall,46
regina_hall,37,regina_hall,50
regina_hall,7,regina_hall,36
regina_hall,36,regina_hall,46
regina_hall,2,regina_hall,37
regina_hall,2,regina_hall,32
regina_hall,24,regina_hall,36
regina_hall,36,regina_hall,37
retta,47,retta,226
retta,47,retta,414
retta,226,retta,414
rihanna,109,rihanna,330
rihanna,170,rihanna,173
rihanna,170,rihanna,330
rihanna,109,rihanna,173
rihanna,109,rihanna,170
rihanna,173,rihanna,330
rutina_wesley,39,rutina_wesley,60
s_epatha_merkerson,3,s_epatha_merkerson,30
s_epatha_merkerson,28,s_epatha_merkerson,54
s_epatha_merkerson,28,s_epatha_merkerson,30
s_epatha_merkerson,3,s_epatha_merkerson,28
s_epatha_merkerson,3,s_epatha_merkerson,54
s_epatha_merkerson,30,s_epatha_merkerson,54
sanaa_lathan,49,sanaa_lathan,62
sanaa_lathan,20,sanaa_lathan,62
sanaa_lathan,62,sanaa_lathan,109
sanaa_lathan,54,sanaa_lathan,116
sanaa_lathan,20,sanaa_lathan,109
sanaa_lathan,49,sanaa_lathan,116
sanaa_lathan,54,sanaa_lathan,118
sanaa_lathan,52,sanaa_lathan,109
sanaa_lathan,54,sanaa_lathan,109
sanaa_lathan,116,sanaa_lathan,118
selita_ebanks,51,selita_ebanks,62
selita_ebanks,52,selita_ebanks,56
selita_ebanks,12,selita_ebanks,52
selita_ebanks,26,selita_ebanks,62
selita_ebanks,26,selita_ebanks,52
selita_ebanks,12,selita_ebanks,56
selita_ebanks,12,selita_ebanks,26
selita_ebanks,51,selita_ebanks,56
selita_ebanks,14,selita_ebanks,29
selita_ebanks,29,selita_ebanks,51
sharon_leal,14,sharon_leal,18
sharon_leal,18,sharon_leal,89
sharon_leal,14,sharon_leal,89
shauna_chin,7,shauna_chin,21
shauna_chin,18,shauna_chin,53
shauna_chin,21,shauna_chin,36
shauna_chin,18,shauna_chin,21
shauna_chin,4,shauna_chin,21
shauna_chin,4,shauna_chin,53
shauna_chin,18,shauna_chin,30
shauna_chin,30,shauna_chin,36
shauna_chin,21,shauna_chin,30
shauna_chin,7,shauna_chin,53
tamala_jones,50,tamala_jones,59
tamala_jones,16,tamala_jones,50
tamala_jones,16,tamala_jones,60
tamala_jones,14,tamala_jones,16
tamala_jones,50,tamala_jones,60
tamala_jones,34,tamala_jones,43
tamala_jones,34,tamala_jones,59
tamala_jones,43,tamala_jones,60
tamala_jones,59,tamala_jones,60
tamala_jones,43,tamala_jones,67
tasha_smith,20,tasha_smith,24
tasha_smith,14,tasha_smith,24
tasha_smith,14,tasha_smith,20
tatyana_ali,41,tatyana_ali,49
tatyana_ali,15,tatyana_ali,21
tatyana_ali,28,tatyana_ali,35
tatyana_ali,20,tatyana_ali,41
tatyana_ali,35,tatyana_ali,49
tatyana_ali,15,tatyana_ali,20
tatyana_ali,13,tatyana_ali,20
tatyana_ali,15,tatyana_ali,49
tatyana_ali,21,tatyana_ali,41
tatyana_ali,13,tatyana_ali,49
thandie_newton,51,thandie_newton,103
thandie_newton,51,thandie_newton,166
thandie_newton,51,thandie_newton,146
thandie_newton,31,thandie_newton,66
thandie_newton,26,thandie_newton,31
thandie_newton,31,thandie_newton,51
thandie_newton,103,thandie_newton,146
thandie_newton,146,thandie_newton,166
thandie_newton,66,thandie_newton,146
thandie_newton,31,thandie_newton,103
tichina_arnold,10,tichina_arnold,47
tichina_arnold,10,tichina_arnold,38
tichina_arnold,10,tichina_arnold,61
tichina_arnold,38,tichina_arnold,47
tichina_arnold,47,tichina_arnold,61
tichina_arnold,38,tichina_arnold,61
veronica_webb,36,veronica_webb,43
veronica_webb,1,veronica_webb,36
veronica_webb,10,veronica_webb,36
veronica_webb,1,veronica_webb,22
veronica_webb,1,veronica_webb,43
veronica_webb,10,veronica_webb,43
veronica_webb,22,veronica_webb,36
veronica_webb,10,veronica_webb,22
veronica_webb,22,veronica_webb,43
veronica_webb,1,veronica_webb,10
wanda_sykes,5,wanda_sykes,59
wanda_sykes,5,wanda_sykes,46
wanda_sykes,5,wanda_sykes,31
wanda_sykes,1,wanda_sykes,5
wanda_sykes,31,wanda_sykes,56
wanda_sykes,46,wanda_sykes,59
wanda_sykes,56,wanda_sykes,59
wanda_sykes,1,wanda_sykes,31
wanda_sykes,5,wanda_sykes,56
wanda_sykes,1,wanda_sykes,46
whitney_houston,33,whitney_houston,113
whitney_houston,33,whitney_houston,107
whitney_houston,107,whitney_houston,113
yvette_nicole_brown,20,yvette_nicole_brown,99
yvette_nicole_brown,82,yvette_nicole_brown,88
yvette_nicole_brown,45,yvette_nicole_brown,88
yvette_nicole_brown,15,yvette_nicole_brown,41
yvette_nicole_brown,74,yvette_nicole_brown,88
yvette_nicole_brown,15,yvette_nicole_brown,20
yvette_nicole_brown,74,yvette_nicole_brown,99
yvette_nicole_brown,20,yvette_nicole_brown,74
yvette_nicole_brown,15,yvette_nicole_brown,88
yvette_nicole_brown,88,yvette_nicole_brown,122
zoe_kravitz,61,zoe_kravitz,77
zoe_kravitz,64,zoe_kravitz,77
zoe_kravitz,61,zoe_kravitz,64
zoe_kravitz,50,zoe_kravitz,61
zoe_kravitz,64,zoe_kravitz,103
zoe_kravitz,61,zoe_kravitz,83
zoe_kravitz,77,zoe_kravitz,103
zoe_kravitz,77,zoe_kravitz,83
zoe_kravitz,50,zoe_kravitz,77
zoe_kravitz,83,zoe_kravitz,103
50_cent,67,50_cent,104
50_cent,20,50_cent,67
50_cent,20,50_cent,25
50_cent,20,50_cent,73
50_cent,73,50_cent,104
50_cent,20,50_cent,104
50_cent,55,50_cent,73
50_cent,25,50_cent,104
50_cent,55,50_cent,67
50_cent,25,50_cent,73
aldis_hodge,28,aldis_hodge,31
aldis_hodge,25,aldis_hodge,28
aldis_hodge,21,aldis_hodge,25
aldis_hodge,21,aldis_hodge,26
aldis_hodge,40,aldis_hodge,21
aldis_hodge,21,aldis_hodge,31
aldis_hodge,26,aldis_hodge,28
aldis_hodge,21,aldis_hodge,32
aldis_hodge,16,aldis_hodge,26
aldis_hodge,21,aldis_hodge,28
andre_braugher,1,andre_braugher,85
andre_braugher,21,andre_braugher,85
andre_braugher,1,andre_braugher,31
andre_braugher,31,andre_braugher,85
andre_braugher,13,andre_braugher,21
andre_braugher,1,andre_braugher,13
andre_braugher,21,andre_braugher,66
andre_braugher,13,andre_braugher,85
andre_braugher,13,andre_braugher,31
andre_braugher,1,andre_braugher,66
anthony_anderson,33,anthony_anderson,98
anthony_anderson,9,anthony_anderson,67
anthony_anderson,17,anthony_anderson,33
anthony_anderson,55,anthony_anderson,67
anthony_anderson,5,anthony_anderson,9
anthony_anderson,9,anthony_anderson,17
anthony_anderson,67,anthony_anderson,98
anthony_anderson,5,anthony_anderson,33
anthony_anderson,9,anthony_anderson,33
anthony_anderson,9,anthony_anderson,98
cedric_the_entertainer,5,cedric_the_entertainer,25
chi_mcbride,10,chi_mcbride,19
corbin_bleu,568,corbin_bleu,744
david_alan_grier,20,david_alan_grier,105
david_alan_grier,66,david_alan_grier,105
david_alan_grier,20,david_alan_grier,50
david_alan_grier,65,david_alan_grier,66
david_alan_grier,20,david_alan_grier,65
david_alan_grier,50,david_alan_grier,66
david_alan_grier,50,david_alan_grier,65
david_alan_grier,38,david_alan_grier,66
david_alan_grier,20,david_alan_grier,66
david_alan_grier,38,david_alan_grier,65
david_gyasi,42,david_gyasi,45
david_gyasi,33,david_gyasi,45
david_gyasi,13,david_gyasi,33
david_gyasi,13,david_gyasi,42
david_gyasi,33,david_gyasi,42
david_gyasi,13,david_gyasi,45
david_oyelowo,9,david_oyelowo,186
david_oyelowo,9,david_oyelowo,247
david_oyelowo,186,david_oyelowo,247
donald_glover,102,donald_glover,122
donald_glover,8,donald_glover,95
donald_glover,80,donald_glover,95
donald_glover,8,donald_glover,80
donald_glover,106,donald_glover,114
donald_glover,106,donald_glover,118
donald_glover,95,donald_glover,122
donald_glover,102,donald_glover,118
donald_glover,95,donald_glover,102
donald_glover,102,donald_glover,106
dwayne_boyd,25,dwayne_boyd,54
dwayne_boyd,32,dwayne_boyd,59
dwayne_boyd,54,dwayne_boyd,59
dwayne_boyd,28,dwayne_boyd,30
dwayne_boyd,27,dwayne_boyd,30
dwayne_boyd,27,dwayne_boyd,59
dwayne_boyd,28,dwayne_boyd,55
dwayne_boyd,27,dwayne_boyd,54
dwayne_boyd,30,dwayne_boyd,59
dwayne_boyd,54,dwayne_boyd,60
fabrice_eboue,941,fabrice_eboue,957
fabrice_eboue,904,fabrice_eboue,960
fabrice_eboue,901,fabrice_eboue,960
fabrice_eboue,901,fabrice_eboue,940
fabrice_eboue,904,fabrice_eboue,905
fabrice_eboue,903,fabrice_eboue,942
fabrice_eboue,901,fabrice_eboue,905
fabrice_eboue,903,fabrice_eboue,922
fabrice_eboue,902,fabrice_eboue,913
fabrice_eboue,902,fabrice_eboue,957
kyle_massey,25,kyle_massey,46
kyle_massey,12,kyle_massey,24
kyle_massey,8,kyle_massey,12
kyle_massey,8,kyle_massey,51
kyle_massey,8,kyle_massey,24
kyle_massey,46,kyle_massey,51
kyle_massey,12,kyle_massey,25
kyle_massey,12,kyle_massey,51
kyle_massey,24,kyle_massey,25
kyle_massey,25,kyle_massey,51
larry_flash_jenkins,37,larry_flash_jenkins,42
larry_flash_jenkins,42,larry_flash_jenkins,46
larry_flash_jenkins,21,larry_flash_jenkins,37
larry_flash_jenkins,21,larry_flash_jenkins,42
larry_flash_jenkins,21,larry_flash_jenkins,46
larry_flash_jenkins,37,larry_flash_jenkins,46
marlon_wayans,42,marlon_wayans,66
marlon_wayans,63,marlon_wayans,79
marlon_wayans,42,marlon_wayans,79
marlon_wayans,66,marlon_wayans,79
marlon_wayans,63,marlon_wayans,66
marlon_wayans,42,marlon_wayans,63
michael_ealy,86,michael_ealy,121
michael_ealy,87,michael_ealy,170
michael_ealy,37,michael_ealy,86
michael_ealy,155,michael_ealy,165
michael_ealy,86,michael_ealy,87
michael_ealy,121,michael_ealy,165
michael_ealy,37,michael_ealy,155
michael_ealy,48,michael_ealy,86
michael_ealy,37,michael_ealy,170
michael_ealy,86,michael_ealy,170
michael_wayne_thomas,25,michael_wayne_thomas,50
michael_wayne_thomas,12,michael_wayne_thomas,50
michael_wayne_thomas,23,michael_wayne_thomas,50
michael_wayne_thomas,23,michael_wayne_thomas,25
michael_wayne_thomas,12,michael_wayne_thomas,23
michael_wayne_thomas,23,michael_wayne_thomas,29
michael_wayne_thomas,12,michael_wayne_thomas,29
michael_wayne_thomas,29,michael_wayne_thomas,50
michael_wayne_thomas,12,michael_wayne_thomas,25
michael_wayne_thomas,25,michael_wayne_thomas,29
mos_def,11,mos_def,29
mos_def,31,mos_def,46
mos_def,35,mos_def,46
mos_def,29,mos_def,31
mos_def,29,mos_def,41
mos_def,35,mos_def,41
mos_def,11,mos_def,31
mos_def,31,mos_def,41
mos_def,11,mos_def,46
mos_def,29,mos_def,35
patrick_j_nicolas,15,patrick_j_nicolas,54
patrick_j_nicolas,11,patrick_j_nicolas,12
patrick_j_nicolas,11,patrick_j_nicolas,40
patrick_j_nicolas,40,patrick_j_nicolas,54
patrick_j_nicolas,15,patrick_j_nicolas,40
patrick_j_nicolas,11,patrick_j_nicolas,15
patrick_j_nicolas,11,patrick_j_nicolas,54
patrick_j_nicolas,12,patrick_j_nicolas,15
patrick_j_nicolas,12,patrick_j_nicolas,54
patrick_j_nicolas,12,patrick_j_nicolas,40
randy_jackson,116,randy_jackson,168
randy_jackson,143,randy_jackson,168
randy_jackson,119,randy_jackson,146
randy_jackson,85,randy_jackson,168
randy_jackson,85,randy_jackson,142
randy_jackson,139,randy_jackson,143
randy_jackson,116,randy_jackson,146
randy_jackson,116,randy_jackson,143
randy_jackson,85,randy_jackson,139
randy_jackson,85,randy_jackson,119
romany_malco,6,romany_malco,16
romany_malco,46,romany_malco,77
romany_malco,6,romany_malco,55
romany_malco,20,romany_malco,46
romany_malco,16,romany_malco,58
romany_malco,6,romany_malco,84
romany_malco,58,romany_malco,79
romany_malco,55,romany_malco,84
romany_malco,55,romany_malco,57
romany_malco,57,romany_malco,79
shemar_moore,20,shemar_moore,51
shemar_moore,15,shemar_moore,20
shemar_moore,15,shemar_moore,26
shemar_moore,26,shemar_moore,63
shemar_moore,26,shemar_moore,51
shemar_moore,15,shemar_moore,51
shemar_moore,15,shemar_moore,63
shemar_moore,51,shemar_moore,63
shemar_moore,20,shemar_moore,63
shemar_moore,20,shemar_moore,26
snoop_dogg,83,snoop_dogg,158
snoop_dogg,83,snoop_dogg,86
snoop_dogg,56,snoop_dogg,158
snoop_dogg,86,snoop_dogg,158
snoop_dogg,86,snoop_dogg,127
snoop_dogg,56,snoop_dogg,86
snoop_dogg,83,snoop_dogg,127
snoop_dogg,127,snoop_dogg,158
snoop_dogg,56,snoop_dogg,83
snoop_dogg,56,snoop_dogg,127
steve_mcqueen,4,steve_mcqueen,95
steve_mcqueen,6,steve_mcqueen,100
steve_mcqueen,36,steve_mcqueen,100
steve_mcqueen,73,steve_mcqueen,97
steve_mcqueen,6,steve_mcqueen,97
steve_mcqueen,95,steve_mcqueen,97
steve_mcqueen,36,steve_mcqueen,97
steve_mcqueen,16,steve_mcqueen,36
steve_mcqueen,97,steve_mcqueen,100
steve_mcqueen,14,steve_mcqueen,95
todd_bridges,9,todd_bridges,15
todd_bridges,15,todd_bridges,43
todd_bridges,9,todd_bridges,10
todd_bridges,10,todd_bridges,15
todd_bridges,9,todd_bridges,43
todd_bridges,10,todd_bridges,43
tracy_morgan,59,tracy_morgan,107
tracy_morgan,59,tracy_morgan,88
tracy_morgan,29,tracy_morgan,131
tracy_morgan,30,tracy_morgan,88
tracy_morgan,11,tracy_morgan,131
tracy_morgan,13,tracy_morgan,131
tracy_morgan,29,tracy_morgan,190
tracy_morgan,30,tracy_morgan,130
tracy_morgan,22,tracy_morgan,190
tracy_morgan,11,tracy_morgan,53
tyler_perry,53,tyler_perry,70
tyler_perry,53,tyler_perry,79
tyler_perry,53,tyler_perry,94
tyler_perry,70,tyler_perry,94
tyler_perry,44,tyler_perry,94
tyler_perry,70,tyler_perry,103
tyler_perry,70,tyler_perry,79
tyler_perry,44,tyler_perry,103
tyler_perry,44,tyler_perry,70
tyler_perry,79,tyler_perry,103
wyclef_jean,58,wyclef_jean,81
wyclef_jean,56,wyclef_jean,58
wyclef_jean,56,wyclef_jean,81
wyclef_jean,56,wyclef_jean,68
wyclef_jean,51,wyclef_jean,81
wyclef_jean,68,wyclef_jean,81
wyclef_jean,51,wyclef_jean,58
wyclef_jean,58,wyclef_jean,68
wyclef_jean,51,wyclef_jean,56
wyclef_jean,51,wyclef_jean,68
xzibit,11,xzibit,12
xzibit,5,xzibit,11
xzibit,5,xzibit,12
abigail_spencer,41,abigail_spencer,50
alison_brie,142,alison_brie,195
alison_brie,136,alison_brie,195
alison_brie,39,alison_brie,129
alison_brie,18,alison_brie,93
alison_brie,93,alison_brie,129
alison_brie,39,alison_brie,198
alison_brie,42,alison_brie,126
alison_brie,71,alison_brie,130
alison_brie,71,alison_brie,142
alison_brie,71,alison_brie,136
annasophia_robb,76,annasophia_robb,94
annasophia_robb,63,annasophia_robb,76
annasophia_robb,55,annasophia_robb,94
annasophia_robb,63,annasophia_robb,94
annasophia_robb,55,annasophia_robb,76
annasophia_robb,55,annasophia_robb,79
annasophia_robb,76,annasophia_robb,79
annasophia_robb,55,annasophia_robb,63
annasophia_robb,63,annasophia_robb,79
annasophia_robb,79,annasophia_robb,94
ariel_winter,26,ariel_winter,91
ariel_winter,17,ariel_winter,91
ariel_winter,105,ariel_winter,167
ariel_winter,5,ariel_winter,91
ariel_winter,91,ariel_winter,105
ariel_winter,26,ariel_winter,142
ariel_winter,105,ariel_winter,108
ariel_winter,5,ariel_winter,80
ariel_winter,80,ariel_winter,91
ariel_winter,80,ariel_winter,167
ashley_avis,12,ashley_avis,41
aubrey_plaza,2,aubrey_plaza,7
aubrey_plaza,6,aubrey_plaza,121
aubrey_plaza,2,aubrey_plaza,31
aubrey_plaza,25,aubrey_plaza,74
aubrey_plaza,25,aubrey_plaza,31
aubrey_plaza,6,aubrey_plaza,93
aubrey_plaza,31,aubrey_plaza,79
aubrey_plaza,25,aubrey_plaza,121
aubrey_plaza,74,aubrey_plaza,79
aubrey_plaza,79,aubrey_plaza,93
bailee_madison,33,bailee_madison,40
bailee_madison,34,bailee_madison,40
bailee_madison,53,bailee_madison,61
bailee_madison,33,bailee_madison,34
bailee_madison,33,bailee_madison,61
bailee_madison,17,bailee_madison,61
bailee_madison,40,bailee_madison,53
bailee_madison,34,bailee_madison,53
bailee_madison,34,bailee_madison,61
bailee_madison,33,bailee_madison,53
barbara_hershey,51,barbara_hershey,94
barbara_hershey,6,barbara_hershey,94
barbara_hershey,6,barbara_hershey,51
bellamy_young,1,bellamy_young,62
bellamy_young,10,bellamy_young,62
bellamy_young,10,bellamy_young,23
bellamy_young,1,bellamy_young,23
bellamy_young,21,bellamy_young,57
bellamy_young,10,bellamy_young,21
bellamy_young,23,bellamy_young,62
bellamy_young,23,bellamy_young,57
bellamy_young,10,bellamy_young,57
bellamy_young,57,bellamy_young,62
beth_riesgraf,1,beth_riesgraf,49
beth_riesgraf,1,beth_riesgraf,54
beth_riesgraf,16,beth_riesgraf,54
beth_riesgraf,1,beth_riesgraf,53
beth_riesgraf,53,beth_riesgraf,54
beth_riesgraf,49,beth_riesgraf,54
beth_riesgraf,49,beth_riesgraf,53
beth_riesgraf,16,beth_riesgraf,49
beth_riesgraf,1,beth_riesgraf,16
beth_riesgraf,16,beth_riesgraf,53
bitsie_tulloch,24,bitsie_tulloch,70
bitsie_tulloch,12,bitsie_tulloch,68
bitsie_tulloch,12,bitsie_tulloch,24
bitsie_tulloch,12,bitsie_tulloch,70
bitsie_tulloch,24,bitsie_tulloch,46
bitsie_tulloch,46,bitsie_tulloch,68
bitsie_tulloch,24,bitsie_tulloch,68
bitsie_tulloch,68,bitsie_tulloch,70
bitsie_tulloch,12,bitsie_tulloch,46
bitsie_tulloch,46,bitsie_tulloch,70
britt_robertson,9,britt_robertson,38
britt_robertson,39,britt_robertson,40
britt_robertson,9,britt_robertson,40
britt_robertson,40,britt_robertson,113
britt_robertson,9,britt_robertson,120
britt_robertson,38,britt_robertson,113
britt_robertson,39,britt_robertson,130
britt_robertson,9,britt_robertson,39
britt_robertson,38,britt_robertson,39
britt_robertson,113,britt_robertson,130
brooke_elliott,5,brooke_elliott,17
brooke_elliott,5,brooke_elliott,29
brooke_elliott,5,brooke_elliott,22
brooke_elliott,17,brooke_elliott,27
brooke_elliott,17,brooke_elliott,22
brooke_elliott,17,brooke_elliott,29
brooke_elliott,27,brooke_elliott,29
brooke_elliott,22,brooke_elliott,27
brooke_elliott,22,brooke_elliott,29
brooke_elliott,5,brooke_elliott,27
bryce_dallas_howard,28,bryce_dallas_howard,42
bryce_dallas_howard,28,bryce_dallas_howard,93
bryce_dallas_howard,42,bryce_dallas_howard,93
carrie_genzel,10,carrie_genzel,31
carrie_genzel,31,carrie_genzel,70
carrie_genzel,10,carrie_genzel,57
carrie_genzel,10,carrie_genzel,49
carrie_genzel,31,carrie_genzel,64
carrie_genzel,64,carrie_genzel,70
carrie_genzel,10,carrie_genzel,20
carrie_genzel,49,carrie_genzel,64
carrie_genzel,20,carrie_genzel,64
carrie_genzel,57,carrie_genzel,64
christa_b_allen,2,christa_b_allen,58
christa_b_allen,2,christa_b_allen,19
christa_b_allen,19,christa_b_allen,58
christa_miller,22,christa_miller,58
christa_miller,22,christa_miller,98
christa_miller,19,christa_miller,61
christa_miller,10,christa_miller,22
christa_miller,10,christa_miller,58
christa_miller,19,christa_miller,98
christa_miller,19,christa_miller,58
christa_miller,58,christa_miller,61
christa_miller,19,christa_miller,22
christa_miller,22,christa_miller,61
claire_holt,25,claire_holt,61
claire_holt,48,claire_holt,61
claire_holt,6,claire_holt,25
claire_holt,6,claire_holt,48
claire_holt,6,claire_holt,61
claire_holt,25,claire_holt,48
clare_grant,15,clare_grant,37
clare_grant,15,clare_grant,41
clare_grant,15,clare_grant,51
clare_grant,45,clare_grant,51
clare_grant,9,clare_grant,37
clare_grant,37,clare_grant,45
clare_grant,9,clare_grant,45
clare_grant,9,clare_grant,14
clare_grant,9,clare_grant,41
clare_grant,9,clare_grant,15
darby_stanchfield,33,darby_stanchfield,56
deborah_ann_woll,18,deborah_ann_woll,54
deborah_ann_woll,1,deborah_ann_woll,73
deborah_ann_woll,49,deborah_ann_woll,54
deborah_ann_woll,1,deborah_ann_woll,54
deborah_ann_woll,43,deborah_ann_woll,49
deborah_ann_woll,15,deborah_ann_woll,54
deborah_ann_woll,43,deborah_ann_woll,73
deborah_ann_woll,71,deborah_ann_woll,73
deborah_ann_woll,49,deborah_ann_woll,71
deborah_ann_woll,49,deborah_ann_woll,73
deprise_brescia,34,deprise_brescia,35
deprise_brescia,1,deprise_brescia,7
deprise_brescia,11,deprise_brescia,49
deprise_brescia,7,deprise_brescia,35
deprise_brescia,1,deprise_brescia,5
deprise_brescia,21,deprise_brescia,45
deprise_brescia,1,deprise_brescia,20
deprise_brescia,12,deprise_brescia,45
deprise_brescia,45,deprise_brescia,49
deprise_brescia,5,deprise_brescia,34
elena_eustache,26,elena_eustache,45
elena_eustache,26,elena_eustache,29
elena_eustache,33,elena_eustache,45
elena_eustache,26,elena_eustache,33
elena_eustache,29,elena_eustache,33
elena_eustache,29,elena_eustache,45
elisa_donovan,83,elisa_donovan,179
elizabeth_mitchell,43,elizabeth_mitchell,137
elizabeth_mitchell,62,elizabeth_mitchell,137
elizabeth_mitchell,43,elizabeth_mitchell,62
fairuza_balk,39,fairuza_balk,63
fairuza_balk,39,fairuza_balk,71
fairuza_balk,63,fairuza_balk,73
fairuza_balk,39,fairuza_balk,73
fairuza_balk,63,fairuza_balk,71
fairuza_balk,47,fairuza_balk,63
fairuza_balk,7,fairuza_balk,73
fairuza_balk,7,fairuza_balk,71
fairuza_balk,7,fairuza_balk,39
fairuza_balk,71,fairuza_balk,73
famke_janssen,21,famke_janssen,69
famke_janssen,21,famke_janssen,117
famke_janssen,21,famke_janssen,73
famke_janssen,64,famke_janssen,69
famke_janssen,42,famke_janssen,62
famke_janssen,21,famke_janssen,62
famke_janssen,42,famke_janssen,123
famke_janssen,73,famke_janssen,123
famke_janssen,64,famke_janssen,73
famke_janssen,69,famke_janssen,123
gabriela_dias,28,gabriela_dias,58
gabrielle_anwar,23,gabrielle_anwar,175
gabrielle_anwar,73,gabrielle_anwar,90
gabrielle_anwar,3,gabrielle_anwar,23
gabrielle_anwar,23,gabrielle_anwar,73
gabrielle_anwar,78,gabrielle_anwar,175
gabrielle_anwar,78,gabrielle_anwar,104
gabrielle_anwar,86,gabrielle_anwar,90
gabrielle_anwar,175,gabrielle_anwar,194
gabrielle_anwar,27,gabrielle_anwar,42
gabrielle_anwar,27,gabrielle_anwar,104
heather_matarazzo,38,heather_matarazzo,50
heather_matarazzo,3,heather_matarazzo,26
heather_matarazzo,3,heather_matarazzo,50
heather_matarazzo,26,heather_matarazzo,38
heather_matarazzo,26,heather_matarazzo,31
heather_matarazzo,3,heather_matarazzo,31
heather_matarazzo,31,heather_matarazzo,38
heather_matarazzo,26,heather_matarazzo,50
heather_matarazzo,3,heather_matarazzo,38
heather_matarazzo,31,heather_matarazzo,50
heather_mckinley,23,heather_mckinley,72
helen_hunt,9,helen_hunt,249
helen_hunt,9,helen_hunt,212
helen_hunt,212,helen_hunt,249
helena_christensen,37,helena_christensen,38
helena_christensen,18,helena_christensen,37
helena_christensen,37,helena_christensen,73
helena_christensen,38,helena_christensen,73
helena_christensen,18,helena_christensen,73
helena_christensen,18,helena_christensen,38
holland_taylor,8,holland_taylor,27
holland_taylor,20,holland_taylor,26
holland_taylor,14,holland_taylor,30
holland_taylor,26,holland_taylor,30
holland_taylor,8,holland_taylor,14
holland_taylor,8,holland_taylor,20
holland_taylor,20,holland_taylor,30
holland_taylor,8,holland_taylor,26
holland_taylor,20,holland_taylor,27
holland_taylor,14,holland_taylor,27
jenn_gotzon,29,jenn_gotzon,54
jenn_gotzon,14,jenn_gotzon,54
jenn_gotzon,14,jenn_gotzon,49
jenn_gotzon,29,jenn_gotzon,42
jenn_gotzon,27,jenn_gotzon,54
jenn_gotzon,27,jenn_gotzon,29
jenn_gotzon,29,jenn_gotzon,49
jenn_gotzon,29,jenn_gotzon,59
jenn_gotzon,49,jenn_gotzon,54
jenn_gotzon,14,jenn_gotzon,42
jenna_dewan-tatum,34,jenna_dewan-tatum,60
jennifer_carpenter,27,jennifer_carpenter,160
jennifer_carpenter,121,jennifer_carpenter,159
jennifer_carpenter,3,jennifer_carpenter,72
jennifer_carpenter,65,jennifer_carpenter,72
jennifer_carpenter,72,jennifer_carpenter,159
jennifer_carpenter,159,jennifer_carpenter,160
jennifer_carpenter,65,jennifer_carpenter,159
jennifer_carpenter,27,jennifer_carpenter,121
jennifer_carpenter,27,jennifer_carpenter,159
jennifer_carpenter,3,jennifer_carpenter,121
jennifer_coolidge,60,jennifer_coolidge,79
jennifer_coolidge,24,jennifer_coolidge,60
jennifer_coolidge,24,jennifer_coolidge,79
jennifer_esposito,4,jennifer_esposito,91
jennifer_grey,82,jennifer_grey,92
jennifer_grey,92,jennifer_grey,107
jennifer_grey,82,jennifer_grey,107
jenny_wade,8,jenny_wade,43
jess_weixler,51,jess_weixler,77
jess_weixler,48,jess_weixler,77
jess_weixler,48,jess_weixler,51
jessalyn_gilsig,14,jessalyn_gilsig,32
jessalyn_gilsig,14,jessalyn_gilsig,22
jessalyn_gilsig,7,jessalyn_gilsig,22
jessalyn_gilsig,9,jessalyn_gilsig,32
jessalyn_gilsig,7,jessalyn_gilsig,32
jessalyn_gilsig,32,jessalyn_gilsig,72
jessalyn_gilsig,7,jessalyn_gilsig,72
jessalyn_gilsig,9,jessalyn_gilsig,14
jessalyn_gilsig,14,jessalyn_gilsig,72
jessalyn_gilsig,7,jessalyn_gilsig,23
jill_hennessy,1,jill_hennessy,6
jill_hennessy,6,jill_hennessy,98
jill_hennessy,1,jill_hennessy,59
jill_hennessy,54,jill_hennessy,59
jill_hennessy,54,jill_hennessy,98
jill_hennessy,25,jill_hennessy,60
jill_hennessy,98,jill_hennessy,116
jill_hennessy,1,jill_hennessy,54
jill_hennessy,59,jill_hennessy,116
jill_hennessy,6,jill_hennessy,54
joey_lauren_adams,13,joey_lauren_adams,26
joey_lauren_adams,25,joey_lauren_adams,43
joey_lauren_adams,26,joey_lauren_adams,43
joey_lauren_adams,15,joey_lauren_adams,43
joey_lauren_adams,15,joey_lauren_adams,25
joey_lauren_adams,13,joey_lauren_adams,43
joey_lauren_adams,13,joey_lauren_adams,25
joey_lauren_adams,13,joey_lauren_adams,15
joey_lauren_adams,25,joey_lauren_adams,26
joey_lauren_adams,15,joey_lauren_adams,26
jordana_spiro,50,jordana_spiro,57
jordana_spiro,7,jordana_spiro,50
jordana_spiro,7,jordana_spiro,58
jordana_spiro,57,jordana_spiro,58
jordana_spiro,7,jordana_spiro,16
jordana_spiro,16,jordana_spiro,58
jordana_spiro,50,jordana_spiro,58
jordana_spiro,7,jordana_spiro,57
jordana_spiro,16,jordana_spiro,57
jordana_spiro,16,jordana_spiro,50
judy_davis,2,judy_davis,8
judy_davis,2,judy_davis,14
judy_davis,2,judy_davis,31
judy_davis,9,judy_davis,31
judy_davis,9,judy_davis,14
judy_davis,8,judy_davis,9
judy_davis,14,judy_davis,31
judy_davis,8,judy_davis,31
judy_davis,2,judy_davis,9
judy_davis,8,judy_davis,14
julie_christie,16,julie_christie,62
julie_christie,47,julie_christie,62
julie_christie,16,julie_christie,47
julie_christie,9,julie_christie,62
julie_christie,9,julie_christie,47
julie_christie,9,julie_christie,16
kaitlin_olson,44,kaitlin_olson,53
kaitlin_olson,25,kaitlin_olson,44
kaitlin_olson,25,kaitlin_olson,61
kaitlin_olson,44,kaitlin_olson,61
kaitlin_olson,53,kaitlin_olson,61
kaitlin_olson,25,kaitlin_olson,53
karolina_kurkova,39,karolina_kurkova,91
karolina_kurkova,36,karolina_kurkova,39
karolina_kurkova,2,karolina_kurkova,36
karolina_kurkova,36,karolina_kurkova,71
karolina_kurkova,59,karolina_kurkova,83
karolina_kurkova,9,karolina_kurkova,83
karolina_kurkova,39,karolina_kurkova,71
karolina_kurkova,2,karolina_kurkova,26
karolina_kurkova,9,karolina_kurkova,71
karolina_kurkova,83,karolina_kurkova,91
kathleen_robertson,69,kathleen_robertson,80
kathleen_robertson,42,kathleen_robertson,69
kathleen_robertson,6,kathleen_robertson,45
kathleen_robertson,4,kathleen_robertson,45
kathleen_robertson,6,kathleen_robertson,43
kathleen_robertson,45,kathleen_robertson,69
kathleen_robertson,6,kathleen_robertson,69
kathleen_robertson,42,kathleen_robertson,45
kathleen_robertson,43,kathleen_robertson,45
kathleen_robertson,42,kathleen_robertson,43
katie_cassidy,29,katie_cassidy,110
katie_cassidy,29,katie_cassidy,144
katie_cassidy,110,katie_cassidy,144
kelli_garner,24,kelli_garner,43
kelli_garner,25,kelli_garner,97
kelli_garner,24,kelli_garner,25
kelli_garner,43,kelli_garner,66
kelli_garner,25,kelli_garner,43
kelli_garner,25,kelli_garner,66
kelli_garner,24,kelli_garner,97
kelli_garner,24,kelli_garner,66
kelli_garner,43,kelli_garner,97
kelli_garner,66,kelli_garner,97
kim_delaney,37,kim_delaney,68
kim_delaney,39,kim_delaney,68
kim_delaney,29,kim_delaney,68
kim_delaney,3,kim_delaney,29
kim_delaney,29,kim_delaney,64
kim_delaney,3,kim_delaney,64
kim_delaney,3,kim_delaney,39
kim_delaney,37,kim_delaney,39
kim_delaney,37,kim_delaney,64
kim_delaney,3,kim_delaney,37
kristin_bauer_van_straten,27,kristin_bauer_van_straten,36
kristin_bauer_van_straten,36,kristin_bauer_van_straten,65
kristin_bauer_van_straten,27,kristin_bauer_van_straten,65
kristinia_debarge,30,kristinia_debarge,32
kristinia_debarge,4,kristinia_debarge,30
kristinia_debarge,4,kristinia_debarge,60
kristinia_debarge,32,kristinia_debarge,60
kristinia_debarge,4,kristinia_debarge,32
kristinia_debarge,30,kristinia_debarge,60
laura_vandervoort,3,laura_vandervoort,29
laura_vandervoort,119,laura_vandervoort,146
laura_vandervoort,72,laura_vandervoort,146
laura_vandervoort,3,laura_vandervoort,119
laura_vandervoort,3,laura_vandervoort,72
laura_vandervoort,3,laura_vandervoort,31
laura_vandervoort,3,laura_vandervoort,146
laura_vandervoort,39,laura_vandervoort,146
laura_vandervoort,31,laura_vandervoort,146
laura_vandervoort,72,laura_vandervoort,119
linda_gray,17,linda_gray,32
linda_gray,8,linda_gray,32
linda_gray,8,linda_gray,53
linda_gray,6,linda_gray,8
linda_gray,17,linda_gray,23
linda_gray,6,linda_gray,17
linda_gray,3,linda_gray,16
linda_gray,3,linda_gray,23
linda_gray,6,linda_gray,32
linda_gray,17,linda_gray,53
madeline_zima,64,madeline_zima,92
madeline_zima,66,madeline_zima,92
madeline_zima,64,madeline_zima,66
marcia_cross,121,marcia_cross,148
marcia_cross,32,marcia_cross,121
marcia_cross,32,marcia_cross,148
marcia_cross,121,marcia_cross,187
marcia_cross,32,marcia_cross,187
marcia_cross,148,marcia_cross,187
marcia_gay_harden,63,marcia_gay_harden,189
marcia_gay_harden,69,marcia_gay_harden,224
marcia_gay_harden,52,marcia_gay_harden,189
marcia_gay_harden,63,marcia_gay_harden,250
marcia_gay_harden,52,marcia_gay_harden,69
marcia_gay_harden,63,marcia_gay_harden,249
marcia_gay_harden,189,marcia_gay_harden,249
marcia_gay_harden,67,marcia_gay_harden,249
marcia_gay_harden,52,marcia_gay_harden,63
marcia_gay_harden,224,marcia_gay_harden,249
maria_menounos,6,maria_menounos,25
maria_menounos,6,maria_menounos,181
maria_menounos,6,maria_menounos,120
maria_menounos,25,maria_menounos,120
maria_menounos,18,maria_menounos,28
maria_menounos,28,maria_menounos,124
maria_menounos,120,maria_menounos,124
maria_menounos,124,maria_menounos,181
maria_menounos,25,maria_menounos,181
maria_menounos,25,maria_menounos,124
mary_lynn_rajskub,95,mary_lynn_rajskub,114
mary_lynn_rajskub,86,mary_lynn_rajskub,114
mary_lynn_rajskub,69,mary_lynn_rajskub,95
mary_lynn_rajskub,69,mary_lynn_rajskub,86
mary_lynn_rajskub,86,mary_lynn_rajskub,95
mary_lynn_rajskub,69,mary_lynn_rajskub,114
megan_marie_wilson,43,megan_marie_wilson,55
megan_marie_wilson,16,megan_marie_wilson,51
megan_marie_wilson,8,megan_marie_wilson,51
megan_marie_wilson,18,megan_marie_wilson,43
megan_marie_wilson,8,megan_marie_wilson,48
megan_marie_wilson,8,megan_marie_wilson,36
megan_marie_wilson,14,megan_marie_wilson,43
megan_marie_wilson,14,megan_marie_wilson,18
megan_marie_wilson,16,megan_marie_wilson,24
megan_marie_wilson,36,megan_marie_wilson,48
melanie_lynskey,54,melanie_lynskey,90
melanie_lynskey,28,melanie_lynskey,91
melanie_lynskey,28,melanie_lynskey,38
melanie_lynskey,38,melanie_lynskey,90
melanie_lynskey,38,melanie_lynskey,88
melanie_lynskey,54,melanie_lynskey,91
melanie_lynskey,28,melanie_lynskey,88
melanie_lynskey,90,melanie_lynskey,91
melanie_lynskey,38,melanie_lynskey,54
melanie_lynskey,88,melanie_lynskey,90
melinda_clarke,75,melinda_clarke,89
melinda_clarke,41,melinda_clarke,76
melinda_clarke,39,melinda_clarke,75
melinda_clarke,83,melinda_clarke,89
melinda_clarke,75,melinda_clarke,83
melinda_clarke,76,melinda_clarke,83
melinda_clarke,39,melinda_clarke,83
melinda_clarke,76,melinda_clarke,89
melinda_clarke,39,melinda_clarke,76
melinda_clarke,39,melinda_clarke,41
melora_walters,48,melora_walters,53
melora_walters,1,melora_walters,2
melora_walters,49,melora_walters,53
melora_walters,53,melora_walters,54
melora_walters,16,melora_walters,53
melora_walters,2,melora_walters,53
melora_walters,1,melora_walters,4
melora_walters,2,melora_walters,4
melora_walters,4,melora_walters,16
melora_walters,24,melora_walters,54
michelle_trachtenberg,231,michelle_trachtenberg,324
michelle_trachtenberg,31,michelle_trachtenberg,261
michelle_trachtenberg,261,michelle_trachtenberg,339
michelle_trachtenberg,258,michelle_trachtenberg,324
michelle_trachtenberg,232,michelle_trachtenberg,324
michelle_trachtenberg,231,michelle_trachtenberg,232
michelle_trachtenberg,231,michelle_trachtenberg,261
michelle_trachtenberg,232,michelle_trachtenberg,261
michelle_trachtenberg,31,michelle_trachtenberg,324
michelle_trachtenberg,258,michelle_trachtenberg,339
miranda_richardson,53,miranda_richardson,63
miranda_richardson,11,miranda_richardson,13
miranda_richardson,11,miranda_richardson,45
miranda_richardson,21,miranda_richardson,45
miranda_richardson,21,miranda_richardson,63
miranda_richardson,11,miranda_richardson,53
miranda_richardson,45,miranda_richardson,53
miranda_richardson,13,miranda_richardson,45
miranda_richardson,13,miranda_richardson,53
miranda_richardson,45,miranda_richardson,63
mylene_dinh-robic,917,mylene_dinh-robic,940
mylene_dinh-robic,916,mylene_dinh-robic,931
mylene_dinh-robic,904,mylene_dinh-robic,923
mylene_dinh-robic,911,mylene_dinh-robic,917
mylene_dinh-robic,936,mylene_dinh-robic,940
mylene_dinh-robic,6,mylene_dinh-robic,904
mylene_dinh-robic,904,mylene_dinh-robic,916
mylene_dinh-robic,904,mylene_dinh-robic,931
mylene_dinh-robic,6,mylene_dinh-robic,936
mylene_dinh-robic,931,mylene_dinh-robic,936
neve_campbell,64,neve_campbell,139
neve_campbell,12,neve_campbell,139
neve_campbell,114,neve_campbell,139
neve_campbell,139,neve_campbell,143
neve_campbell,64,neve_campbell,114
neve_campbell,114,neve_campbell,143
neve_campbell,64,neve_campbell,143
neve_campbell,12,neve_campbell,143
neve_campbell,12,neve_campbell,114
neve_campbell,12,neve_campbell,64
odette_annable,53,odette_annable,60
odette_annable,119,odette_annable,128
odette_annable,53,odette_annable,119
odette_annable,53,odette_annable,128
odette_annable,60,odette_annable,128
odette_annable,60,odette_annable,119
rachel_mcadams,92,rachel_mcadams,204
rachel_mcadams,204,rachel_mcadams,239
rachel_mcadams,204,rachel_mcadams,293
rachel_mcadams,92,rachel_mcadams,293
rachel_mcadams,239,rachel_mcadams,293
rachel_mcadams,92,rachel_mcadams,239
rene_russo,52,rene_russo,77
rene_russo,77,rene_russo,117
rene_russo,70,rene_russo,117
rene_russo,52,rene_russo,70
rene_russo,52,rene_russo,117
rene_russo,70,rene_russo,77
rhona_mitra,33,rhona_mitra,35
rhona_mitra,11,rhona_mitra,148
rhona_mitra,33,rhona_mitra,83
rhona_mitra,11,rhona_mitra,33
rhona_mitra,11,rhona_mitra,83
rhona_mitra,11,rhona_mitra,35
rhona_mitra,35,rhona_mitra,83
rhona_mitra,33,rhona_mitra,148
rhona_mitra,35,rhona_mitra,148
rhona_mitra,83,rhona_mitra,148
romola_garai,27,romola_garai,36
romola_garai,36,romola_garai,38
romola_garai,5,romola_garai,71
romola_garai,5,romola_garai,36
romola_garai,27,romola_garai,71
romola_garai,5,romola_garai,38
romola_garai,38,romola_garai,71
romola_garai,27,romola_garai,38
romola_garai,36,romola_garai,71
romola_garai,5,romola_garai,27
rose_byrne,51,rose_byrne,118
rose_byrne,39,rose_byrne,118
rose_byrne,51,rose_byrne,55
rose_byrne,39,rose_byrne,55
rose_byrne,188,rose_byrne,205
rose_byrne,51,rose_byrne,205
rose_byrne,39,rose_byrne,51
rose_byrne,55,rose_byrne,118
rose_byrne,188,rose_byrne,212
rose_byrne,55,rose_byrne,205
sadie_calvano,26,sadie_calvano,30
sadie_calvano,43,sadie_calvano,47
sadie_calvano,41,sadie_calvano,47
sadie_calvano,30,sadie_calvano,41
sadie_calvano,26,sadie_calvano,47
sadie_calvano,30,sadie_calvano,43
sadie_calvano,41,sadie_calvano,43
sadie_calvano,26,sadie_calvano,41
sadie_calvano,26,sadie_calvano,43
sadie_calvano,30,sadie_calvano,47
samantha_harris,16,samantha_harris,31
samantha_harris,47,samantha_harris,88
samantha_harris,16,samantha_harris,88
samantha_harris,31,samantha_harris,47
samantha_harris,16,samantha_harris,47
samantha_harris,31,samantha_harris,88
shakira,9,shakira,59
shannon_woodward,1,shannon_woodward,15
shannon_woodward,15,shannon_woodward,36
shannon_woodward,36,shannon_woodward,50
shannon_woodward,15,shannon_woodward,34
shannon_woodward,34,shannon_woodward,36
shannon_woodward,1,shannon_woodward,10
shannon_woodward,1,shannon_woodward,50
shannon_woodward,15,shannon_woodward,50
shannon_woodward,1,shannon_woodward,34
shannon_woodward,1,shannon_woodward,36
sherrie_rose,3,sherrie_rose,63
stacy_keibler,28,stacy_keibler,138
stacy_keibler,138,stacy_keibler,206
stacy_keibler,28,stacy_keibler,206
stacy_keibler,28,stacy_keibler,212
stacy_keibler,138,stacy_keibler,212
stacy_keibler,206,stacy_keibler,212
susan_downey,41,susan_downey,59
susan_downey,43,susan_downey,59
susan_downey,41,susan_downey,43
tanit_phoenix,12,tanit_phoenix,30
taylor_swift,65,taylor_swift,271
terri_ivens,16,terri_ivens,76
terri_ivens,1,terri_ivens,76
terri_ivens,28,terri_ivens,76
terri_ivens,11,terri_ivens,39
terri_ivens,1,terri_ivens,11
terri_ivens,11,terri_ivens,16
terri_ivens,11,terri_ivens,76
terri_ivens,1,terri_ivens,16
terri_ivens,16,terri_ivens,31
terri_ivens,11,terri_ivens,28
tricia_helfer,19,tricia_helfer,49
tricia_helfer,19,tricia_helfer,50
tricia_helfer,7,tricia_helfer,41
tricia_helfer,7,tricia_helfer,50
tricia_helfer,41,tricia_helfer,49
tricia_helfer,49,tricia_helfer,50
tricia_helfer,7,tricia_helfer,49
tricia_helfer,7,tricia_helfer,19
tricia_helfer,19,tricia_helfer,41
tricia_helfer,41,tricia_helfer,50
valeria_golino,6,valeria_golino,25
valeria_golino,25,valeria_golino,49
valeria_golino,15,valeria_golino,31
valeria_golino,6,valeria_golino,49
valeria_golino,13,valeria_golino,51
valeria_golino,13,valeria_golino,49
valeria_golino,13,valeria_golino,25
valeria_golino,6,valeria_golino,21
valeria_golino,15,valeria_golino,25
valeria_golino,6,valeria_golino,51
vicki_lewis,28,vicki_lewis,76
vicki_lewis,76,vicki_lewis,84
vicki_lewis,28,vicki_lewis,84
willa_holland,37,willa_holland,58
willa_holland,25,willa_holland,52
willa_holland,52,willa_holland,59
willa_holland,40,willa_holland,59
willa_holland,25,willa_holland,56
willa_holland,56,willa_holland,58
willa_holland,20,willa_holland,59
willa_holland,37,willa_holland,40
willa_holland,40,willa_holland,58
willa_holland,20,willa_holland,37
amir_arison,17,amir_arison,20
amir_arison,17,amir_arison,19
amir_arison,14,amir_arison,36
amir_arison,19,amir_arison,36
amir_arison,11,amir_arison,18
amir_arison,19,amir_arison,20
amir_arison,20,amir_arison,36
amir_arison,17,amir_arison,36
amir_arison,12,amir_arison,36
amir_arison,12,amir_arison,20
anthony_hornus,79,anthony_hornus,94
anthony_hornus,92,anthony_hornus,94
anthony_hornus,3,anthony_hornus,83
anthony_hornus,3,anthony_hornus,94
anthony_hornus,3,anthony_hornus,92
anthony_hornus,3,anthony_hornus,79
anthony_hornus,94,anthony_hornus,105
anthony_hornus,79,anthony_hornus,105
anthony_hornus,83,anthony_hornus,105
anthony_hornus,79,anthony_hornus,83
antonio_sabato_jr,44,antonio_sabato_jr,66
antonio_sabato_jr,16,antonio_sabato_jr,22
antonio_sabato_jr,31,antonio_sabato_jr,44
antonio_sabato_jr,14,antonio_sabato_jr,56
antonio_sabato_jr,2,antonio_sabato_jr,8
antonio_sabato_jr,38,antonio_sabato_jr,44
antonio_sabato_jr,14,antonio_sabato_jr,44
antonio_sabato_jr,16,antonio_sabato_jr,31
antonio_sabato_jr,29,antonio_sabato_jr,38
antonio_sabato_jr,2,antonio_sabato_jr,38
bernie_matthew,17,bernie_matthew,47
bernie_matthew,32,bernie_matthew,55
bernie_matthew,26,bernie_matthew,47
bernie_matthew,26,bernie_matthew,55
bernie_matthew,17,bernie_matthew,32
bernie_matthew,17,bernie_matthew,55
bernie_matthew,17,bernie_matthew,26
bernie_matthew,32,bernie_matthew,47
bernie_matthew,26,bernie_matthew,32
bernie_matthew,47,bernie_matthew,55
billy_crudup,128,billy_crudup,142
billy_crudup,128,billy_crudup,132
billy_crudup,37,billy_crudup,120
billy_crudup,115,billy_crudup,142
billy_crudup,120,billy_crudup,142
billy_crudup,37,billy_crudup,142
billy_crudup,100,billy_crudup,132
billy_crudup,120,billy_crudup,132
billy_crudup,37,billy_crudup,128
billy_crudup,132,billy_crudup,142
cameron_crowe,22,cameron_crowe,47
chad_rook,19,chad_rook,51
chad_rook,40,chad_rook,51
chad_rook,29,chad_rook,62
chad_rook,29,chad_rook,40
chad_rook,2,chad_rook,40
chad_rook,2,chad_rook,51
chad_rook,40,chad_rook,62
chad_rook,19,chad_rook,62
chad_rook,51,chad_rook,62
chad_rook,2,chad_rook,29
chris_colfer,125,chris_colfer,201
chris_colfer,130,chris_colfer,203
chris_colfer,150,chris_colfer,201
chris_colfer,114,chris_colfer,190
chris_colfer,38,chris_colfer,130
chris_colfer,39,chris_colfer,150
chris_colfer,42,chris_colfer,190
chris_colfer,38,chris_colfer,125
chris_colfer,39,chris_colfer,203
chris_colfer,150,chris_colfer,190
chris_harrison,4,chris_harrison,21
chris_harrison,10,chris_harrison,20
chris_harrison,8,chris_harrison,10
chris_harrison,6,chris_harrison,8
chris_harrison,8,chris_harrison,21
chris_harrison,19,chris_harrison,20
chris_harrison,10,chris_harrison,21
chris_harrison,11,chris_harrison,21
chris_harrison,4,chris_harrison,16
chris_harrison,8,chris_harrison,19
christopher_stadulis,22,christopher_stadulis,55
christopher_stadulis,22,christopher_stadulis,30
christopher_stadulis,29,christopher_stadulis,30
christopher_stadulis,14,christopher_stadulis,22
christopher_stadulis,29,christopher_stadulis,63
christopher_stadulis,55,christopher_stadulis,63
christopher_stadulis,30,christopher_stadulis,44
christopher_stadulis,30,christopher_stadulis,63
christopher_stadulis,22,christopher_stadulis,44
christopher_stadulis,44,christopher_stadulis,63
clifton_collins_jr,93,clifton_collins_jr,188
clifton_collins_jr,10,clifton_collins_jr,182
clifton_collins_jr,10,clifton_collins_jr,188
clifton_collins_jr,10,clifton_collins_jr,93
clifton_collins_jr,55,clifton_collins_jr,93
clifton_collins_jr,182,clifton_collins_jr,188
clifton_collins_jr,55,clifton_collins_jr,188
clifton_collins_jr,55,clifton_collins_jr,182
clifton_collins_jr,10,clifton_collins_jr,55
clifton_collins_jr,10,clifton_collins_jr,116
colin_ferguson,20,colin_ferguson,50
colin_ferguson,1,colin_ferguson,20
colin_ferguson,77,colin_ferguson,94
colin_ferguson,20,colin_ferguson,94
colin_ferguson,28,colin_ferguson,77
colin_ferguson,20,colin_ferguson,28
colin_ferguson,1,colin_ferguson,94
colin_ferguson,17,colin_ferguson,94
colin_ferguson,1,colin_ferguson,17
colin_ferguson,17,colin_ferguson,77
damian_lewis,84,damian_lewis,155
damian_lewis,60,damian_lewis,155
damian_lewis,60,damian_lewis,117
damian_lewis,84,damian_lewis,117
damian_lewis,117,damian_lewis,155
damian_lewis,60,damian_lewis,84
damian_lewis,67,damian_lewis,84
damian_lewis,60,damian_lewis,67
damian_lewis,67,damian_lewis,155
damian_lewis,67,damian_lewis,117
danny_devito,147,danny_devito,162
danny_devito,147,danny_devito,245
danny_devito,22,danny_devito,147
danny_devito,22,danny_devito,164
danny_devito,22,danny_devito,162
danny_devito,162,danny_devito,245
danny_devito,162,danny_devito,164
danny_devito,22,danny_devito,245
danny_devito,147,danny_devito,164
danny_devito,164,danny_devito,245
danny_huston,4,danny_huston,26
danny_huston,26,danny_huston,39
danny_huston,26,danny_huston,72
danny_huston,25,danny_huston,72
danny_huston,25,danny_huston,76
danny_huston,25,danny_huston,39
danny_huston,4,danny_huston,39
danny_huston,25,danny_huston,26
danny_huston,76,danny_huston,88
danny_huston,72,danny_huston,88
darian_weiss,12,darian_weiss,33
darian_weiss,12,darian_weiss,13
darian_weiss,13,darian_weiss,33
david_cronenberg,20,david_cronenberg,47
david_cronenberg,21,david_cronenberg,26
david_cronenberg,20,david_cronenberg,21
david_cronenberg,26,david_cronenberg,47
david_cronenberg,20,david_cronenberg,26
david_cronenberg,21,david_cronenberg,47
david_henrie,11,david_henrie,18
david_henrie,3,david_henrie,10
david_henrie,10,david_henrie,74
david_henrie,18,david_henrie,78
david_henrie,14,david_henrie,31
david_henrie,10,david_henrie,55
david_henrie,14,david_henrie,34
david_henrie,14,david_henrie,55
david_henrie,18,david_henrie,22
david_henrie,31,david_henrie,51
david_pryor,3,david_pryor,42
david_pryor,6,david_pryor,42
david_pryor,3,david_pryor,8
david_pryor,10,david_pryor,60
david_pryor,6,david_pryor,60
david_pryor,10,david_pryor,79
david_pryor,10,david_pryor,42
david_pryor,8,david_pryor,79
david_pryor,25,david_pryor,42
david_pryor,60,david_pryor,79
david_strathairn,65,david_strathairn,83
david_strathairn,65,david_strathairn,102
david_strathairn,70,david_strathairn,83
david_strathairn,62,david_strathairn,83
david_strathairn,69,david_strathairn,83
david_strathairn,62,david_strathairn,69
david_strathairn,75,david_strathairn,83
david_strathairn,62,david_strathairn,102
david_strathairn,70,david_strathairn,102
david_strathairn,75,david_strathairn,102
david_tennant,71,david_tennant,83
david_tennant,33,david_tennant,76
david_tennant,33,david_tennant,65
david_tennant,28,david_tennant,83
david_tennant,20,david_tennant,39
david_tennant,20,david_tennant,65
david_tennant,36,david_tennant,76
david_tennant,33,david_tennant,39
david_tennant,39,david_tennant,71
david_tennant,65,david_tennant,71
dean_cain,46,dean_cain,83
dean_cain,43,dean_cain,83
dean_cain,76,dean_cain,83
dean_cain,7,dean_cain,43
dean_cain,32,dean_cain,46
dean_cain,43,dean_cain,48
dean_cain,48,dean_cain,83
dean_cain,25,dean_cain,83
dean_cain,25,dean_cain,46
dean_cain,48,dean_cain,76
dolph_lundgren,15,dolph_lundgren,64
dolph_lundgren,33,dolph_lundgren,64
dolph_lundgren,33,dolph_lundgren,62
dolph_lundgren,64,dolph_lundgren,74
dolph_lundgren,62,dolph_lundgren,74
dolph_lundgren,33,dolph_lundgren,74
dolph_lundgren,15,dolph_lundgren,33
dolph_lundgren,62,dolph_lundgren,64
dolph_lundgren,15,dolph_lundgren,74
dolph_lundgren,15,dolph_lundgren,62
dominic_cooper,48,dominic_cooper,91
dominic_cooper,1,dominic_cooper,62
dominic_cooper,48,dominic_cooper,130
dominic_cooper,88,dominic_cooper,120
dominic_cooper,48,dominic_cooper,120
dominic_cooper,120,dominic_cooper,130
dominic_cooper,28,dominic_cooper,43
dominic_cooper,43,dominic_cooper,62
dominic_cooper,1,dominic_cooper,48
dominic_cooper,24,dominic_cooper,43
donal_logue,1,donal_logue,23
donal_logue,28,donal_logue,62
donal_logue,1,donal_logue,62
donal_logue,23,donal_logue,62
donal_logue,1,donal_logue,28
donal_logue,23,donal_logue,28
dylan_mcdermott,111,dylan_mcdermott,137
dylan_mcdermott,55,dylan_mcdermott,137
dylan_mcdermott,55,dylan_mcdermott,83
dylan_mcdermott,55,dylan_mcdermott,169
dylan_mcdermott,83,dylan_mcdermott,169
dylan_mcdermott,83,dylan_mcdermott,137
dylan_mcdermott,35,dylan_mcdermott,83
dylan_mcdermott,83,dylan_mcdermott,111
dylan_mcdermott,83,dylan_mcdermott,155
dylan_mcdermott,137,dylan_mcdermott,155
dylan_minnette,80,dylan_minnette,193
eddie_cibrian,1,eddie_cibrian,53
eddie_cibrian,7,eddie_cibrian,14
eddie_cibrian,19,eddie_cibrian,28
eddie_cibrian,14,eddie_cibrian,53
eddie_cibrian,1,eddie_cibrian,7
eddie_cibrian,14,eddie_cibrian,19
eddie_cibrian,7,eddie_cibrian,51
eddie_cibrian,5,eddie_cibrian,7
eddie_cibrian,19,eddie_cibrian,51
eddie_cibrian,19,eddie_cibrian,53
edoardo_purgatori,7,edoardo_purgatori,55
edoardo_purgatori,7,edoardo_purgatori,37
edoardo_purgatori,13,edoardo_purgatori,55
edoardo_purgatori,52,edoardo_purgatori,55
edoardo_purgatori,37,edoardo_purgatori,55
edoardo_purgatori,13,edoardo_purgatori,37
edoardo_purgatori,13,edoardo_purgatori,52
edoardo_purgatori,7,edoardo_purgatori,52
edoardo_purgatori,7,edoardo_purgatori,13
edoardo_purgatori,37,edoardo_purgatori,52
eric_stonestreet,25,eric_stonestreet,223
eric_stonestreet,25,eric_stonestreet,128
eric_stonestreet,183,eric_stonestreet,223
eric_stonestreet,128,eric_stonestreet,183
eric_stonestreet,25,eric_stonestreet,183
eric_stonestreet,128,eric_stonestreet,223
federico_dordei,36,federico_dordei,81
federico_dordei,32,federico_dordei,63
federico_dordei,36,federico_dordei,63
federico_dordei,32,federico_dordei,81
federico_dordei,20,federico_dordei,36
federico_dordei,36,federico_dordei,82
federico_dordei,13,federico_dordei,30
federico_dordei,76,federico_dordei,81
federico_dordei,63,federico_dordei,81
federico_dordei,79,federico_dordei,82
gulshan_grover,3,gulshan_grover,16
gulshan_grover,7,gulshan_grover,11
gulshan_grover,3,gulshan_grover,11
gulshan_grover,31,gulshan_grover,54
gulshan_grover,44,gulshan_grover,54
gulshan_grover,16,gulshan_grover,35
gulshan_grover,54,gulshan_grover,55
gulshan_grover,10,gulshan_grover,44
gulshan_grover,44,gulshan_grover,48
gulshan_grover,31,gulshan_grover,48
howie_mandel,72,howie_mandel,74
howie_mandel,61,howie_mandel,74
howie_mandel,18,howie_mandel,79
howie_mandel,33,howie_mandel,79
howie_mandel,18,howie_mandel,57
howie_mandel,57,howie_mandel,72
howie_mandel,57,howie_mandel,74
howie_mandel,33,howie_mandel,57
howie_mandel,62,howie_mandel,74
howie_mandel,18,howie_mandel,72
hugo_becker,10,hugo_becker,17
hugo_becker,5,hugo_becker,10
hugo_becker,5,hugo_becker,52
hugo_becker,17,hugo_becker,52
hugo_becker,5,hugo_becker,17
hugo_becker,10,hugo_becker,52
iain_glen,29,iain_glen,35
iain_glen,18,iain_glen,53
iain_glen,29,iain_glen,53
iain_glen,18,iain_glen,62
iain_glen,53,iain_glen,62
iain_glen,35,iain_glen,62
iain_glen,18,iain_glen,29
iain_glen,18,iain_glen,35
iain_glen,35,iain_glen,53
iain_glen,29,iain_glen,62
james_mcavoy,12,james_mcavoy,54
james_mcavoy,22,james_mcavoy,78
james_mcavoy,12,james_mcavoy,99
james_mcavoy,12,james_mcavoy,128
james_mcavoy,12,james_mcavoy,22
james_mcavoy,99,james_mcavoy,128
james_mcavoy,54,james_mcavoy,99
james_mcavoy,78,james_mcavoy,99
james_mcavoy,78,james_mcavoy,128
james_mcavoy,22,james_mcavoy,128
james_van_der_beek,2,james_van_der_beek,121
james_van_der_beek,2,james_van_der_beek,114
james_van_der_beek,2,james_van_der_beek,96
james_van_der_beek,96,james_van_der_beek,114
james_van_der_beek,17,james_van_der_beek,114
james_van_der_beek,17,james_van_der_beek,121
james_van_der_beek,114,james_van_der_beek,117
james_van_der_beek,27,james_van_der_beek,117
james_van_der_beek,114,james_van_der_beek,121
james_van_der_beek,2,james_van_der_beek,17
jason_behr,9,jason_behr,15
jason_behr,38,jason_behr,50
jason_behr,11,jason_behr,15
jason_behr,11,jason_behr,50
jason_behr,15,jason_behr,32
jason_behr,15,jason_behr,50
jason_behr,11,jason_behr,38
jason_behr,31,jason_behr,38
jason_behr,38,jason_behr,49
jason_behr,11,jason_behr,31
jason_patric,19,jason_patric,40
jason_patric,29,jason_patric,40
jason_patric,19,jason_patric,70
jason_patric,9,jason_patric,19
jason_patric,19,jason_patric,29
jason_patric,9,jason_patric,29
jason_patric,9,jason_patric,40
jason_patric,40,jason_patric,70
jason_patric,9,jason_patric,70
jason_patric,29,jason_patric,70
jeremy_renner,101,jeremy_renner,111
jeremy_renner,111,jeremy_renner,201
jeremy_renner,166,jeremy_renner,201
jeremy_renner,320,jeremy_renner,332
jeremy_renner,166,jeremy_renner,341
jeremy_renner,24,jeremy_renner,118
jeremy_renner,24,jeremy_renner,111
jeremy_renner,166,jeremy_renner,319
jeremy_renner,24,jeremy_renner,55
jeremy_renner,166,jeremy_renner,332
john_carroll_lynch,5,john_carroll_lynch,25
john_carroll_lynch,25,john_carroll_lynch,37
john_carroll_lynch,5,john_carroll_lynch,37
john_carroll_lynch,5,john_carroll_lynch,23
john_carroll_lynch,23,john_carroll_lynch,37
john_carroll_lynch,23,john_carroll_lynch,25
john_francis_daley,11,john_francis_daley,59
john_francis_daley,11,john_francis_daley,61
john_francis_daley,16,john_francis_daley,30
john_francis_daley,13,john_francis_daley,59
john_francis_daley,16,john_francis_daley,63
john_francis_daley,41,john_francis_daley,59
john_francis_daley,13,john_francis_daley,16
john_francis_daley,23,john_francis_daley,63
john_francis_daley,23,john_francis_daley,30
john_francis_daley,30,john_francis_daley,41
jon_cryer,6,jon_cryer,21
jon_cryer,2,jon_cryer,6
jon_cryer,2,jon_cryer,180
jon_cryer,9,jon_cryer,27
jon_cryer,7,jon_cryer,180
jon_cryer,7,jon_cryer,63
jon_cryer,16,jon_cryer,180
jon_cryer,21,jon_cryer,180
jon_cryer,7,jon_cryer,16
jon_cryer,2,jon_cryer,63
joseph_lawrence,10,joseph_lawrence,16
joseph_lawrence,5,joseph_lawrence,35
joseph_lawrence,51,joseph_lawrence,66
joseph_lawrence,17,joseph_lawrence,66
joseph_lawrence,5,joseph_lawrence,66
joseph_lawrence,21,joseph_lawrence,66
joseph_lawrence,5,joseph_lawrence,21
joseph_lawrence,16,joseph_lawrence,66
joseph_lawrence,16,joseph_lawrence,17
joseph_lawrence,16,joseph_lawrence,21
josh_cooke,13,josh_cooke,38
josh_cooke,38,josh_cooke,64
josh_cooke,16,josh_cooke,44
josh_cooke,16,josh_cooke,19
josh_cooke,16,josh_cooke,38
josh_cooke,44,josh_cooke,64
josh_cooke,7,josh_cooke,38
josh_cooke,7,josh_cooke,64
josh_cooke,20,josh_cooke,38
josh_cooke,13,josh_cooke,64
josh_hartnett,36,josh_hartnett,63
josh_hartnett,36,josh_hartnett,56
josh_hartnett,19,josh_hartnett,63
josh_hartnett,84,josh_hartnett,144
josh_hartnett,36,josh_hartnett,102
josh_hartnett,7,josh_hartnett,36
josh_hartnett,36,josh_hartnett,144
josh_hartnett,19,josh_hartnett,102
josh_hartnett,7,josh_hartnett,84
josh_hartnett,7,josh_hartnett,56
josh_holloway,36,josh_holloway,81
josh_holloway,11,josh_holloway,81
josh_holloway,36,josh_holloway,72
josh_holloway,7,josh_holloway,79
josh_holloway,56,josh_holloway,81
josh_holloway,7,josh_holloway,11
josh_holloway,36,josh_holloway,56
josh_holloway,7,josh_holloway,81
josh_holloway,36,josh_holloway,99
josh_holloway,7,josh_holloway,99
judge_reinhold,12,judge_reinhold,53
judge_reinhold,12,judge_reinhold,22
judge_reinhold,53,judge_reinhold,58
judge_reinhold,58,judge_reinhold,62
judge_reinhold,22,judge_reinhold,58
judge_reinhold,22,judge_reinhold,53
judge_reinhold,12,judge_reinhold,58
judge_reinhold,53,judge_reinhold,62
judge_reinhold,22,judge_reinhold,62
judge_reinhold,12,judge_reinhold,62
larry_laverty,4,larry_laverty,67
louis_ck,38,louis_ck,47
louis_ck,6,louis_ck,38
louis_ck,1,louis_ck,47
louis_ck,1,louis_ck,38
louis_ck,6,louis_ck,47
louis_ck,1,louis_ck,6
luke_wilson,99,luke_wilson,107
luke_wilson,56,luke_wilson,99
luke_wilson,5,luke_wilson,46
luke_wilson,107,luke_wilson,171
luke_wilson,56,luke_wilson,107
luke_wilson,46,luke_wilson,150
luke_wilson,150,luke_wilson,171
luke_wilson,5,luke_wilson,150
luke_wilson,46,luke_wilson,171
luke_wilson,99,luke_wilson,150
mads_mikkelsen,42,mads_mikkelsen,130
mads_mikkelsen,12,mads_mikkelsen,34
mads_mikkelsen,7,mads_mikkelsen,130
mads_mikkelsen,7,mads_mikkelsen,12
mads_mikkelsen,4,mads_mikkelsen,7
mads_mikkelsen,4,mads_mikkelsen,12
mads_mikkelsen,7,mads_mikkelsen,42
mads_mikkelsen,4,mads_mikkelsen,42
mads_mikkelsen,12,mads_mikkelsen,130
mads_mikkelsen,4,mads_mikkelsen,34
manu_bennett,65,manu_bennett,68
manu_bennett,61,manu_bennett,68
manu_bennett,61,manu_bennett,65
mark_salling,25,mark_salling,81
mark_salling,25,mark_salling,99
mark_salling,5,mark_salling,10
mark_salling,25,mark_salling,82
mark_salling,81,mark_salling,99
mark_salling,10,mark_salling,82
mark_salling,10,mark_salling,81
mark_salling,5,mark_salling,82
mark_salling,82,mark_salling,101
mark_salling,68,mark_salling,80
mark_strong,35,mark_strong,36
mark_strong,29,mark_strong,35
mark_strong,36,mark_strong,82
mark_strong,82,mark_strong,83
mark_strong,15,mark_strong,83
mark_strong,15,mark_strong,82
mark_strong,5,mark_strong,29
mark_strong,1,mark_strong,5
mark_strong,1,mark_strong,36
mark_strong,29,mark_strong,55
mark_taormino,7,mark_taormino,40
mark_taormino,24,mark_taormino,40
mark_taormino,20,mark_taormino,43
mark_taormino,31,mark_taormino,45
mark_taormino,24,mark_taormino,46
mark_taormino,18,mark_taormino,24
mark_taormino,4,mark_taormino,40
mark_taormino,41,mark_taormino,45
mark_taormino,31,mark_taormino,40
mark_taormino,4,mark_taormino,41
max_greenfield,17,max_greenfield,203
max_greenfield,157,max_greenfield,196
max_greenfield,196,max_greenfield,203
max_greenfield,17,max_greenfield,87
max_greenfield,17,max_greenfield,157
max_greenfield,157,max_greenfield,203
max_greenfield,87,max_greenfield,203
max_greenfield,87,max_greenfield,196
max_greenfield,17,max_greenfield,196
max_greenfield,87,max_greenfield,157
maximilian_law,1,maximilian_law,44
maximilian_law,55,maximilian_law,63
maximilian_law,44,maximilian_law,63
maximilian_law,18,maximilian_law,36
maximilian_law,50,maximilian_law,55
maximilian_law,22,maximilian_law,36
maximilian_law,1,maximilian_law,22
maximilian_law,22,maximilian_law,55
maximilian_law,18,maximilian_law,50
maximilian_law,18,maximilian_law,44
michael_cera,28,michael_cera,83
michael_cera,28,michael_cera,99
michael_cera,59,michael_cera,83
michael_cera,99,michael_cera,123
michael_cera,59,michael_cera,99
michael_cera,28,michael_cera,123
michael_cera,83,michael_cera,99
michael_cera,59,michael_cera,123
michael_cera,83,michael_cera,123
michael_cera,28,michael_cera,59
michael_sheen,7,michael_sheen,156
michael_sheen,7,michael_sheen,44
michael_sheen,92,michael_sheen,156
michael_sheen,7,michael_sheen,92
michael_sheen,44,michael_sheen,164
michael_sheen,156,michael_sheen,164
michael_sheen,44,michael_sheen,156
michael_sheen,92,michael_sheen,164
michael_sheen,44,michael_sheen,92
michael_sheen,7,michael_sheen,164
patrick_dempsey,253,patrick_dempsey,292
patrick_dempsey,128,patrick_dempsey,133
patrick_dempsey,72,patrick_dempsey,292
patrick_dempsey,150,patrick_dempsey,358
patrick_dempsey,1,patrick_dempsey,287
patrick_dempsey,72,patrick_dempsey,245
patrick_dempsey,150,patrick_dempsey,287
patrick_dempsey,150,patrick_dempsey,305
patrick_dempsey,1,patrick_dempsey,358
patrick_dempsey,133,patrick_dempsey,305
paul_haggis,64,paul_haggis,73
paul_haggis,73,paul_haggis,96
paul_haggis,64,paul_haggis,96
peter_facinelli,27,peter_facinelli,61
peter_facinelli,91,peter_facinelli,96
peter_facinelli,11,peter_facinelli,96
peter_facinelli,27,peter_facinelli,96
peter_facinelli,27,peter_facinelli,91
peter_facinelli,11,peter_facinelli,61
peter_facinelli,11,peter_facinelli,27
peter_facinelli,61,peter_facinelli,91
peter_facinelli,61,peter_facinelli,96
peter_facinelli,11,peter_facinelli,91
phil_keoghan,11,phil_keoghan,51
phil_keoghan,12,phil_keoghan,23
phil_keoghan,23,phil_keoghan,57
phil_keoghan,11,phil_keoghan,30
phil_keoghan,12,phil_keoghan,53
phil_keoghan,27,phil_keoghan,57
phil_keoghan,23,phil_keoghan,52
phil_keoghan,7,phil_keoghan,27
phil_keoghan,12,phil_keoghan,21
phil_keoghan,11,phil_keoghan,53
rick_gonzalez,30,rick_gonzalez,65
rick_gonzalez,50,rick_gonzalez,71
rick_gonzalez,59,rick_gonzalez,72
rick_gonzalez,65,rick_gonzalez,69
rick_gonzalez,30,rick_gonzalez,59
rick_gonzalez,20,rick_gonzalez,57
rick_gonzalez,65,rick_gonzalez,66
rick_gonzalez,12,rick_gonzalez,26
rick_gonzalez,26,rick_gonzalez,57
rick_gonzalez,26,rick_gonzalez,66
ricky_gervais,46,ricky_gervais,92
ricky_gervais,69,ricky_gervais,121
ricky_gervais,16,ricky_gervais,121
ricky_gervais,16,ricky_gervais,32
ricky_gervais,121,ricky_gervais,143
ricky_gervais,143,ricky_gervais,154
ricky_gervais,16,ricky_gervais,154
ricky_gervais,16,ricky_gervais,69
ricky_gervais,92,ricky_gervais,99
ricky_gervais,67,ricky_gervais,154
rob_corddry,82,rob_corddry,87
rob_corddry,84,rob_corddry,87
rob_corddry,82,rob_corddry,84
robert_englund,18,robert_englund,19
robert_englund,18,robert_englund,26
robert_englund,19,robert_englund,26
robert_zemeckis,1,robert_zemeckis,21
robert_zemeckis,21,robert_zemeckis,58
robert_zemeckis,1,robert_zemeckis,27
robert_zemeckis,2,robert_zemeckis,58
robert_zemeckis,27,robert_zemeckis,58
robert_zemeckis,1,robert_zemeckis,2
robert_zemeckis,21,robert_zemeckis,27
robert_zemeckis,3,robert_zemeckis,58
robert_zemeckis,2,robert_zemeckis,3
robert_zemeckis,1,robert_zemeckis,58
roberto_lombardi,34,roberto_lombardi,61
roberto_lombardi,34,roberto_lombardi,47
roberto_lombardi,28,roberto_lombardi,69
roberto_lombardi,28,roberto_lombardi,34
roberto_lombardi,10,roberto_lombardi,61
roberto_lombardi,28,roberto_lombardi,61
roberto_lombardi,47,roberto_lombardi,69
roberto_lombardi,10,roberto_lombardi,69
roberto_lombardi,34,roberto_lombardi,69
roberto_lombardi,10,roberto_lombardi,34
roberto_sanz_sanchez,52,roberto_sanz_sanchez,68
roberto_sanz_sanchez,65,roberto_sanz_sanchez,68
roberto_sanz_sanchez,63,roberto_sanz_sanchez,65
roberto_sanz_sanchez,63,roberto_sanz_sanchez,68
roberto_sanz_sanchez,52,roberto_sanz_sanchez,63
roberto_sanz_sanchez,35,roberto_sanz_sanchez,52
roberto_sanz_sanchez,35,roberto_sanz_sanchez,63
roberto_sanz_sanchez,35,roberto_sanz_sanchez,68
roberto_sanz_sanchez,35,roberto_sanz_sanchez,65
roberto_sanz_sanchez,52,roberto_sanz_sanchez,65
robin_thicke,8,robin_thicke,54
robin_thicke,24,robin_thicke,54
robin_thicke,8,robin_thicke,24
robin_thicke,28,robin_thicke,37
robin_thicke,49,robin_thicke,54
robin_thicke,17,robin_thicke,49
robin_thicke,17,robin_thicke,37
robin_thicke,8,robin_thicke,49
robin_thicke,28,robin_thicke,49
robin_thicke,17,robin_thicke,24
rocky_verma,29,rocky_verma,46
rocky_verma,17,rocky_verma,29
rocky_verma,12,rocky_verma,17
rocky_verma,12,rocky_verma,40
rocky_verma,10,rocky_verma,46
rocky_verma,16,rocky_verma,29
rocky_verma,71,rocky_verma,74
rocky_verma,16,rocky_verma,74
rocky_verma,22,rocky_verma,71
rocky_verma,1,rocky_verma,71
ronald_e_giles,31,ronald_e_giles,60
ronald_e_giles,19,ronald_e_giles,31
ronald_e_giles,19,ronald_e_giles,60
russ_cootey,10,russ_cootey,48
ryan_o'neal,3,ryan_o'neal,59
ryan_o'neal,26,ryan_o'neal,63
ryan_o'neal,25,ryan_o'neal,63
ryan_o'neal,1,ryan_o'neal,3
ryan_o'neal,1,ryan_o'neal,69
ryan_o'neal,25,ryan_o'neal,26
ryan_o'neal,25,ryan_o'neal,59
ryan_o'neal,3,ryan_o'neal,69
ryan_o'neal,63,ryan_o'neal,69
ryan_o'neal,1,ryan_o'neal,25
sam_neill,6,sam_neill,121
sam_neill,43,sam_neill,92
sam_neill,38,sam_neill,121
sam_neill,43,sam_neill,121
sam_neill,6,sam_neill,38
sam_neill,92,sam_neill,121
sam_neill,6,sam_neill,43
sam_neill,6,sam_neill,92
sam_neill,38,sam_neill,92
sam_neill,38,sam_neill,43
scott_a_martin,19,scott_a_martin,21
scott_a_martin,6,scott_a_martin,37
scott_a_martin,21,scott_a_martin,37
scott_a_martin,6,scott_a_martin,21
scott_a_martin,19,scott_a_martin,37
scott_a_martin,6,scott_a_martin,19
scott_bakula,9,scott_bakula,42
scott_bakula,4,scott_bakula,42
scott_bakula,38,scott_bakula,39
scott_bakula,4,scott_bakula,91
scott_bakula,4,scott_bakula,72
scott_bakula,9,scott_bakula,39
scott_bakula,9,scott_bakula,37
scott_bakula,23,scott_bakula,37
scott_bakula,9,scott_bakula,38
scott_bakula,72,scott_bakula,91
scott_caan,96,scott_caan,216
scott_caan,212,scott_caan,216
scott_caan,96,scott_caan,212
scott_caan,210,scott_caan,221
scott_caan,3,scott_caan,142
scott_caan,210,scott_caan,216
scott_caan,3,scott_caan,210
scott_caan,3,scott_caan,221
scott_caan,142,scott_caan,212
scott_caan,142,scott_caan,221
seann_william_scott,8,seann_william_scott,101
seann_william_scott,47,seann_william_scott,109
seann_william_scott,23,seann_william_scott,101
seann_william_scott,23,seann_william_scott,132
seann_william_scott,47,seann_william_scott,132
seann_william_scott,23,seann_william_scott,47
seann_william_scott,101,seann_william_scott,190
seann_william_scott,109,seann_william_scott,190
seann_william_scott,95,seann_william_scott,109
seann_william_scott,47,seann_william_scott,190
sendhil_ramamurthy,21,sendhil_ramamurthy,31
sendhil_ramamurthy,8,sendhil_ramamurthy,43
sendhil_ramamurthy,43,sendhil_ramamurthy,73
sendhil_ramamurthy,43,sendhil_ramamurthy,66
sendhil_ramamurthy,8,sendhil_ramamurthy,73
sendhil_ramamurthy,21,sendhil_ramamurthy,43
sendhil_ramamurthy,21,sendhil_ramamurthy,72
sendhil_ramamurthy,8,sendhil_ramamurthy,31
sendhil_ramamurthy,26,sendhil_ramamurthy,31
sendhil_ramamurthy,8,sendhil_ramamurthy,66
shane_west,31,shane_west,141
shane_west,31,shane_west,160
shane_west,141,shane_west,180
shane_west,160,shane_west,180
shane_west,8,shane_west,160
shane_west,86,shane_west,180
shane_west,8,shane_west,86
shane_west,8,shane_west,180
shane_west,86,shane_west,141
shane_west,8,shane_west,31
stephen_lang,54,stephen_lang,56
stephen_lang,56,stephen_lang,76
stephen_lang,54,stephen_lang,76
sting,81,sting,134
sting,111,sting,126
sting,126,sting,134
sting,81,sting,153
sting,111,sting,153
sting,134,sting,153
sting,81,sting,111
sting,81,sting,126
sting,111,sting,134
sting,126,sting,153
thomas_jane,91,thomas_jane,111
thomas_jane,27,thomas_jane,32
thomas_jane,32,thomas_jane,111
thomas_jane,27,thomas_jane,91
thomas_jane,27,thomas_jane,111
thomas_jane,32,thomas_jane,91
timothy_spall,9,timothy_spall,11
timothy_spall,6,timothy_spall,13
timothy_spall,6,timothy_spall,9
timothy_spall,13,timothy_spall,58
timothy_spall,9,timothy_spall,58
timothy_spall,47,timothy_spall,58
timothy_spall,13,timothy_spall,47
timothy_spall,11,timothy_spall,58
timothy_spall,13,timothy_spall,32
timothy_spall,11,timothy_spall,47
tom_bergeron,66,tom_bergeron,80
tom_bergeron,21,tom_bergeron,27
tom_bergeron,55,tom_bergeron,80
tom_bergeron,66,tom_bergeron,67
tom_bergeron,71,tom_bergeron,80
tom_bergeron,21,tom_bergeron,66
tom_bergeron,21,tom_bergeron,71
tom_bergeron,27,tom_bergeron,55
tom_bergeron,55,tom_bergeron,71
tom_bergeron,66,tom_bergeron,71
tom_wilkinson,35,tom_wilkinson,78
tom_wilkinson,12,tom_wilkinson,35
tom_wilkinson,12,tom_wilkinson,78
tom_wilkinson,12,tom_wilkinson,65
tom_wilkinson,65,tom_wilkinson,78
tom_wilkinson,35,tom_wilkinson,65
tony_oller,72,tony_oller,101
tony_oller,23,tony_oller,41
tony_oller,23,tony_oller,101
tony_oller,7,tony_oller,72
tony_oller,7,tony_oller,41
tony_oller,23,tony_oller,72
tony_oller,7,tony_oller,23
tony_oller,41,tony_oller,101
tony_oller,41,tony_oller,72
tony_oller,7,tony_oller,101
trevor_donovan,57,trevor_donovan,64
trevor_donovan,64,trevor_donovan,81
trevor_donovan,7,trevor_donovan,99
trevor_donovan,57,trevor_donovan,71
trevor_donovan,71,trevor_donovan,81
trevor_donovan,23,trevor_donovan,64
trevor_donovan,23,trevor_donovan,81
trevor_donovan,23,trevor_donovan,104
trevor_donovan,7,trevor_donovan,104
trevor_donovan,57,trevor_donovan,81
victor_webster,38,victor_webster,47
victor_webster,47,victor_webster,52
victor_webster,38,victor_webster,39
victor_webster,50,victor_webster,52
victor_webster,47,victor_webster,50
victor_webster,24,victor_webster,39
victor_webster,38,victor_webster,50
victor_webster,29,victor_webster,32
victor_webster,24,victor_webster,50
victor_webster,39,victor_webster,47
wilson_cleveland,9,wilson_cleveland,32
wilson_cleveland,15,wilson_cleveland,18
wilson_cleveland,32,wilson_cleveland,54
wilson_cleveland,9,wilson_cleveland,17
wilson_cleveland,5,wilson_cleveland,18
wilson_cleveland,15,wilson_cleveland,59
wilson_cleveland,15,wilson_cleveland,32
wilson_cleveland,15,wilson_cleveland,54
wilson_cleveland,17,wilson_cleveland,18
wilson_cleveland,11,wilson_cleveland,59
zachary_knighton,22,zachary_knighton,95
zachary_knighton,1,zachary_knighton,95
zachary_knighton,1,zachary_knighton,22
zachary_knighton,22,zachary_knighton,36
zachary_knighton,1,zachary_knighton,36
zachary_knighton,30,zachary_knighton,36
zachary_knighton,22,zachary_knighton,30
zachary_knighton,30,zachary_knighton,95
zachary_knighton,36,zachary_knighton,95
zachary_knighton,1,zachary_knighton,30
zachary_quinto,4,zachary_quinto,106
zachary_quinto,137,zachary_quinto,177
zachary_quinto,73,zachary_quinto,217
zachary_quinto,105,zachary_quinto,106
zachary_quinto,105,zachary_quinto,137
zachary_quinto,4,zachary_quinto,214
zachary_quinto,137,zachary_quinto,217
zachary_quinto,4,zachary_quinto,217
zachary_quinto,105,zachary_quinto,153
zachary_quinto,106,zachary_quinto,177
